%time,field.header.seq,field.header.stamp,field.header.frame_id,field.pose.position.x,field.pose.position.y,field.pose.position.z,field.pose.orientation.x,field.pose.orientation.y,field.pose.orientation.z,field.pose.orientation.w
1583762851049504963,272,1583762846510658598,vo,-0.00256860327918,0.000600698487693,0.0,0.0,0.0,-0.000742664736057,0.999999724225
1583762851049552882,273,1583762846610817178,vo,-0.00285299185267,0.00354801580286,0.0,0.0,0.0,9.05809623067e-05,0.999999995898
1583762851049851328,274,1583762846711135609,vo,-0.00276791838692,0.00242688013057,0.0,0.0,0.0,-3.23607851839e-06,0.999999999995
1583762851049943202,275,1583762846811299335,vo,-0.00265062639705,0.000367239665061,0.0,0.0,0.0,-0.00125780901741,0.999999208958
1583762851050005813,276,1583762846911407352,vo,0.000357447382333,0.00621754615872,0.0,0.0,0.0,-0.00167854853505,0.999998591236
1583762851050151609,277,1583762847011699968,vo,0.00588680758077,0.0044414860838,0.0,0.0,0.0,-0.00170010880986,0.999998554814
1583762851050159074,278,1583762847111741363,vo,0.0102505108222,-0.000883935916324,0.0,0.0,0.0,-0.00227608162991,0.999997409723
1583762851050238170,279,1583762847212004956,vo,0.0202284552038,0.00552260268091,0.0,0.0,0.0,-0.00251995606712,0.999996824906
1583762851050275276,280,1583762847312220324,vo,0.0293447604033,0.00208750563713,0.0,0.0,0.0,-0.00264416933933,0.999996504178
1583762851050329422,281,1583762847412595373,vo,0.0408391054417,0.00538505275633,0.0,0.0,0.0,-0.00323912937357,0.999994754007
1583762851050426970,282,1583762847512799022,vo,0.0552944459274,0.0066557892527,0.0,0.0,0.0,-0.00383897093944,0.999992631124
1583762851050489468,283,1583762847613133252,vo,0.0715808767729,0.0105691183092,0.0,0.0,0.0,-0.00417700719409,0.999991276267
1583762851050526768,284,1583762847713315070,vo,0.0888025673292,0.00577376648142,0.0,0.0,0.0,-0.00493711241236,0.999987812386
1583762851050567599,285,1583762847813538111,vo,0.107748666131,0.0130234716839,0.0,0.0,0.0,-0.00575402947117,0.999983445435
1583762851050622985,286,1583762847914034326,vo,0.128462583629,0.00845525880663,0.0,0.0,0.0,-0.00582111979187,0.999983057139
1583762851050694794,287,1583762848014176235,vo,0.147756776812,0.0129844591985,0.0,0.0,0.0,-0.00576140265592,0.999983402982
1583762851050710813,288,1583762848114342458,vo,0.169890472715,0.0107213701803,0.0,0.0,0.0,-0.00593730953453,0.999982374022
1583762851050872379,289,1583762848214317692,vo,0.190978211347,0.0100001014071,0.0,0.0,0.0,-0.00584270227283,0.999982931269
1583762851050965973,290,1583762848314624874,vo,0.212819797174,0.00749314629005,0.0,0.0,0.0,-0.0058387307795,0.999982954466
1583762851051010689,291,1583762848414814140,vo,0.233791868301,0.0118331394714,0.0,0.0,0.0,-0.00621485613975,0.999980687595
1583762851051175958,292,1583762848515060072,vo,0.255368651652,0.00988471679098,0.0,0.0,0.0,-0.00634862682128,0.999979847266
1583762851051354504,293,1583762848615257029,vo,0.276809724233,0.0143857201603,0.0,0.0,0.0,-0.00649746171381,0.999978891273
1583762851051561766,294,1583762848715822791,vo,0.298311785015,0.0163086019399,0.0,0.0,0.0,-0.00637944823107,0.999979651113
1583762851051713898,295,1583762848815995555,vo,0.319399050261,0.0221184197365,0.0,0.0,0.0,-0.0063907832771,0.999979578736
1583762851051723757,296,1583762848916148983,vo,0.339950207781,0.0257636148617,0.0,0.0,0.0,-0.00665616170216,0.99997784751
1583762851051779656,297,1583762849016507170,vo,0.361248706552,0.0249901597299,0.0,0.0,0.0,-0.00610431274715,0.999981368509
1583762851051968152,298,1583762849116756163,vo,0.382597119325,0.0241407259226,0.0,0.0,0.0,-0.00627454237701,0.999980314865
1583762851052021920,299,1583762849216985244,vo,0.403275477206,0.0235736756433,0.0,0.0,0.0,-0.00601604856822,0.999981903416
1583762851052177028,300,1583762849317097641,vo,0.424101940052,0.0228022462657,0.0,0.0,0.0,-0.0062110687518,0.999980711126
1583762851052282523,301,1583762849417517263,vo,0.444450122506,0.0254131381559,0.0,0.0,0.0,-0.00598814424344,0.999982070904
1583762851052423690,302,1583762849517718917,vo,0.464510738305,0.0251567135999,0.0,0.0,0.0,-0.00634429104511,0.999979874783
1583762851052470464,303,1583762849617999277,vo,0.484912402961,0.0297248500202,0.0,0.0,0.0,-0.00636021026416,0.999979773658
1583762851052811343,304,1583762849718251314,vo,0.506401836586,0.0289732155352,0.0,0.0,0.0,-0.00635476488622,0.999979808278
1583762851055744126,305,1583762849818549724,vo,0.527082697957,0.0300206056744,0.0,0.0,0.0,-0.00659903155844,0.999978226154
1583762851055772422,306,1583762849918674869,vo,0.546630304338,0.0308589360024,0.0,0.0,0.0,-0.00657496562721,0.99997838468
1583762851056135743,307,1583762850019166947,vo,0.567912481576,0.0295846207326,0.0,0.0,0.0,-0.00673961955444,0.999977288506
1583762851056291393,308,1583762850119260960,vo,0.589472618256,0.0317958210173,0.0,0.0,0.0,-0.00657236777208,0.999978401758
1583762851056368818,309,1583762850219568757,vo,0.610005479649,0.0288374324338,0.0,0.0,0.0,-0.00699746706043,0.999975517428
1583762851056438126,310,1583762850319732772,vo,0.631023962228,0.0319796168339,0.0,0.0,0.0,-0.00682803942033,0.999976688667
1583762851056590276,311,1583762850419917084,vo,0.651724385627,0.0257720028333,0.0,0.0,0.0,-0.00692318203118,0.999976034488
1583762851056675475,312,1583762850520199385,vo,0.672650240445,0.0350367608758,0.0,0.0,0.0,-0.00735608071907,0.999972943672
1583762851056697246,313,1583762850620274603,vo,0.693681754279,0.0380446325623,0.0,0.0,0.0,-0.00670196393391,0.999977541588
1583762851056711734,314,1583762850720417406,vo,0.71420569501,0.0513535844287,0.0,0.0,0.0,-0.00717084612165,0.999974289152
1583762851056972148,315,1583762850820692689,vo,0.734520963868,0.0521319108774,0.0,0.0,0.0,-0.00767490988345,0.999970547445
1583762851057034420,316,1583762850920850233,vo,0.75522083983,0.0599600047412,0.0,0.0,0.0,-0.00763974748016,0.999970816703
1583762851100009825,317,1583762851021091035,vo,0.777329929098,0.0603891152946,0.0,0.0,0.0,-0.00754409566934,0.999971542905
1583762851200265740,318,1583762851121323169,vo,0.797774029721,0.0610840576255,0.0,0.0,0.0,-0.00769658585257,0.999970380844
1583762851322746470,319,1583762851221687557,vo,0.819723384207,0.0624314800017,0.0,0.0,0.0,-0.00757721601656,0.999971292487
1583762851419163200,320,1583762851321749335,vo,0.841237684917,0.0668476036594,0.0,0.0,0.0,-0.00806190583898,0.999967502309
1583762851524388092,321,1583762851422055819,vo,0.863304802349,0.0707359863021,0.0,0.0,0.0,-0.00769434488026,0.99997039809
1583762851618278627,322,1583762851522274782,vo,0.884184001401,0.0673128312016,0.0,0.0,0.0,-0.00795346931187,0.999968370663
1583762851691765350,323,1583762851622598881,vo,0.905143191481,0.0695492132193,0.0,0.0,0.0,-0.00817329604006,0.999966598058
1583762851793453527,324,1583762851722839999,vo,0.926546235729,0.0716449675641,0.0,0.0,0.0,-0.00820335106616,0.99996635195
1583762851921529814,325,1583762851823074093,vo,0.947588757278,0.0710718208958,0.0,0.0,0.0,-0.00811507152078,0.999967072265
1583762852018765561,326,1583762851923258025,vo,0.968654072656,0.0690794499255,0.0,0.0,0.0,-0.00820234062445,0.999966360238
1583762852097725663,327,1583762852023638539,vo,0.990067632192,0.0707480712132,0.0,0.0,0.0,-0.00878621556274,0.999961400463
1583762852190694932,328,1583762852123818410,vo,1.01105613861,0.0785680256072,0.0,0.0,0.0,-0.00860714853562,0.999962957811
1583762852322507845,329,1583762852224026287,vo,1.0327600178,0.0834386562235,0.0,0.0,0.0,-0.00870773217646,0.999962086981
1583762852418521779,330,1583762852324307890,vo,1.05451233656,0.0861753805971,0.0,0.0,0.0,-0.00859513517493,0.999963061143
1583762852493492817,331,1583762852424408591,vo,1.07479239661,0.0845894741639,0.0,0.0,0.0,-0.00865763758295,0.999962521953
1583762852591449962,332,1583762852524707244,vo,1.09564041853,0.0828910423154,0.0,0.0,0.0,-0.00839141484196,0.999964791459
1583762852718398596,333,1583762852625049690,vo,1.11573375784,0.0904618430525,0.0,0.0,0.0,-0.00867604732614,0.999962362393
1583762852791227931,334,1583762852725231522,vo,1.13668902764,0.0908022188152,0.0,0.0,0.0,-0.00893976381148,0.999960039513
1583762852916437368,335,1583762852825475486,vo,1.15775678153,0.0909373969154,0.0,0.0,0.0,-0.0090329420653,0.999959202147
1583762852994086585,336,1583762852925789036,vo,1.17719781201,0.0948106021844,0.0,0.0,0.0,-0.0083667348447,0.999964998261
1583762853096279564,337,1583762853026116309,vo,1.19467441331,0.0923668992872,0.0,0.0,0.0,-0.00809002202464,0.999967275236
1583762853192552089,338,1583762853126566446,vo,1.20749426202,0.0913709876104,0.0,0.0,0.0,-0.00734811626534,0.999973002229
1583762853323678957,339,1583762853226699648,vo,1.21782704842,0.0922011902957,0.0,0.0,0.0,-0.00695631975962,0.999975804515
1583762853394675215,340,1583762853327184668,vo,1.22475589117,0.0952143412938,0.0,0.0,0.0,-0.00599781777252,0.999982012929
1583762853517925170,341,1583762853427325278,vo,1.22899850121,0.0908164999996,0.0,0.0,0.0,-0.00537589882851,0.999985549751
1583762853601246334,342,1583762853527653983,vo,1.23064738103,0.0875381050324,0.0,0.0,0.0,-0.00473563400699,0.999988786822
1583762853716361387,343,1583762853627807558,vo,1.23001007965,0.0875998119762,0.0,0.0,0.0,-0.00438546050618,0.999990383822
1583762853794713617,344,1583762853728073765,vo,1.23046788489,0.090510878892,0.0,0.0,0.0,-0.00369025096999,0.999993191001
1583762853922358839,345,1583762853828411570,vo,1.23045949685,0.0896125773088,0.0,0.0,0.0,-0.00355193863366,0.999993691846
1583762853995987769,346,1583762853928554316,vo,1.22879997193,0.095216452094,0.0,0.0,0.0,-0.00388908455276,0.999992437482
1583762854100712059,347,1583762854028720756,vo,1.2291126699,0.0960612903666,0.0,0.0,0.0,-0.00387533453674,0.999992490863
1583762854225954788,348,1583762854128944207,vo,1.22828882043,0.0993176251716,0.0,0.0,0.0,-0.0039526522482,0.99999218824
1583762854316831565,349,1583762854229181457,vo,1.22883011559,0.0946628681421,0.0,0.0,0.0,-0.00372553365367,0.999993060175
1583762854418979803,350,1583762854329495761,vo,1.22840494023,0.0988349163318,0.0,0.0,0.0,-0.00415529425471,0.999991366728
1583762854500438241,351,1583762854429665727,vo,1.22873666532,0.0944678917435,0.0,0.0,0.0,-0.00366393793218,0.999993287757
1583762854596991364,352,1583762854529690207,vo,1.22867165404,0.0946094451058,0.0,0.0,0.0,-0.00378853447523,0.999992823478
1583762854718649111,353,1583762854629728742,vo,1.22832358367,0.0965205524107,0.0,0.0,0.0,-0.00382794693175,0.999992673384
1583762854797082462,354,1583762854729936117,vo,1.22774374272,0.0978238842033,0.0,0.0,0.0,-0.00389245763431,0.999992424358
1583762854901510970,355,1583762854830308438,vo,1.22763992977,0.0971509674058,0.0,0.0,0.0,-0.00389825826253,0.999992401762
1583762855005745852,356,1583762854930618386,vo,1.22729015768,0.0932088169242,0.0,0.0,0.0,-0.003973358178,0.999992106181
1583762855103222631,357,1583762855030867053,vo,1.22732903992,0.092271492078,0.0,0.0,0.0,-0.003684217563,0.999993213247
1583762855198986236,358,1583762855131149839,vo,1.2271139005,0.0943901112382,0.0,0.0,0.0,-0.0039705454327,0.999992117353
1583762855316947421,359,1583762855231318541,vo,1.22693997951,0.093128215737,0.0,0.0,0.0,-0.00364853071937,0.99999334409
1583762855424979388,360,1583762855331768373,vo,1.22627162123,0.0949221694118,0.0,0.0,0.0,-0.00372845498875,0.999993049288
1583762855516736933,361,1583762855431999519,vo,1.22658570653,0.0918224383003,0.0,0.0,0.0,-0.00397229884182,0.99999211039
1583762855621458023,362,1583762855532467052,vo,1.22685040085,0.090653719323,0.0,0.0,0.0,-0.00384421862036,0.999992610964
1583762855702354413,363,1583762855632672083,vo,1.22640670064,0.092288367144,0.0,0.0,0.0,-0.00391033583796,0.999992354608
1583762855818059924,364,1583762855732955797,vo,1.22646942868,0.0915630631924,0.0,0.0,0.0,-0.00384554307423,0.999992605872
1583762855910319629,365,1583762855833322351,vo,1.22628886998,0.0940564346515,0.0,0.0,0.0,-0.0036657263796,0.999993281202
1583762856028679048,366,1583762855933491783,vo,1.22534487151,0.0858462002642,0.0,0.0,0.0,-0.0037293639618,0.999993045898
1583762856118285215,367,1583762856033633673,vo,1.22452260591,0.092267596253,0.0,0.0,0.0,-0.00412737484778,0.999991482352
1583762856206415605,368,1583762856133989107,vo,1.22545623997,0.0930648077606,0.0,0.0,0.0,-0.0038712565724,0.999992506658
1583762856317793963,369,1583762856234389732,vo,1.22503815496,0.0918039388226,0.0,0.0,0.0,-0.00403103930009,0.999991875328
1583762856400221846,370,1583762856334516182,vo,1.22550387586,0.0899387741534,0.0,0.0,0.0,-0.00397685661993,0.999992092274
1583762856547931221,371,1583762856434665406,vo,1.22514249717,0.0934692419652,0.0,0.0,0.0,-0.00429496231911,0.999990776607
1583762856689065440,372,1583762856534824020,vo,1.22484645233,0.0923356902388,0.0,0.0,0.0,-0.00411550662818,0.999991531267
1583762856703684965,373,1583762856635212114,vo,1.22574275387,0.0973793380165,0.0,0.0,0.0,-0.0039082626528,0.999992362712
1583762856853189364,374,1583762856735226401,vo,1.224842662,0.0957676505504,0.0,0.0,0.0,-0.00408999135041,0.99999163595
1583762857003511399,375,1583762856835622038,vo,1.22472936878,0.097056730329,0.0,0.0,0.0,-0.00403904377931,0.999991843029
1583762857024169341,376,1583762856935899829,vo,1.22501923229,0.0896719408073,0.0,0.0,0.0,-0.00392989345115,0.999992277939
1583762857169870545,377,1583762857036027497,vo,1.22483460572,0.0909459153357,0.0,0.0,0.0,-0.00402227714205,0.999991910611
1583762857322016811,378,1583762857136232124,vo,1.22517647728,0.0889620721818,0.0,0.0,0.0,-0.00407904685728,0.999991680654
1583762857324099038,379,1583762857236504661,vo,1.22516634798,0.0912972445331,0.0,0.0,0.0,-0.00398104012037,0.999992075628
1583762857406295951,380,1583762857336764551,vo,1.2253199576,0.0899173560024,0.0,0.0,0.0,-0.0039294759484,0.99999227958
1583762857538385464,381,1583762857436920522,vo,1.22465135107,0.0918074957221,0.0,0.0,0.0,-0.00370432067281,0.999993138981
1583762857605084935,382,1583762857537223266,vo,1.22416464804,0.090563067227,0.0,0.0,0.0,-0.00392732172308,0.999992288042
1583762857706656201,383,1583762857637326531,vo,1.22400410512,0.0932091267151,0.0,0.0,0.0,-0.00415518345306,0.999991367188
1583762857806351818,384,1583762857737531726,vo,1.22483147651,0.0961409826029,0.0,0.0,0.0,-0.00405874183266,0.999991763273
1583762857909089925,385,1583762857837641896,vo,1.22484740976,0.0951449903041,0.0,0.0,0.0,-0.00389345735786,0.999992420466
1583762858008727439,386,1583762857937915770,vo,1.22345325848,0.0940893839286,0.0,0.0,0.0,-0.00427469907538,0.999990863432
1583762858105939211,387,1583762858038208702,vo,1.22412254008,0.0966566710267,0.0,0.0,0.0,-0.00423751545881,0.999991021691
1583762858204854370,388,1583762858138385827,vo,1.22360142886,0.0957217848486,0.0,0.0,0.0,-0.00396631731175,0.999992134133
1583762858307244171,389,1583762858238623345,vo,1.22411181893,0.0930177048526,0.0,0.0,0.0,-0.00395975542224,0.999992160138
1583762858406339126,390,1583762858338816703,vo,1.22325056451,0.0902435482824,0.0,0.0,0.0,-0.00414776153053,0.999991398
1583762858506275054,391,1583762858439102091,vo,1.22382053889,0.090770402406,0.0,0.0,0.0,-0.00410667351582,0.999991567581
1583762858609343998,392,1583762858539266573,vo,1.22373970284,0.0897700813551,0.0,0.0,0.0,-0.00389635061165,0.999992409197
1583762858707232828,393,1583762858639544821,vo,1.22319693945,0.0946745024136,0.0,0.0,0.0,-0.00412986346533,0.999991472078
1583762858807841572,394,1583762858739603443,vo,1.22408673062,0.0896069547565,0.0,0.0,0.0,-0.00388180206402,0.999992465778
1583762858907625953,395,1583762858839695234,vo,1.22331996963,0.0925026408639,0.0,0.0,0.0,-0.00424298775212,0.999990998487
1583762859008983710,396,1583762858939968115,vo,1.22336145307,0.0897299906764,0.0,0.0,0.0,-0.00413655571084,0.999991444417
1583762859108349968,397,1583762859040356822,vo,1.22278672648,0.0896491497023,0.0,0.0,0.0,-0.00414430093562,0.999991412348
1583762859207739425,398,1583762859140430867,vo,1.22365996876,0.0904387681914,0.0,0.0,0.0,-0.00401668211638,0.9999919331
1583762859307229657,399,1583762859240726461,vo,1.22332920928,0.091095397352,0.0,0.0,0.0,-0.00420074062396,0.99999117685
1583762859409340069,400,1583762859340934532,vo,1.22362332154,0.0895230106896,0.0,0.0,0.0,-0.00414738189491,0.999991399575
1583762859507784805,401,1583762859441361119,vo,1.22326300031,0.0891353000089,0.0,0.0,0.0,-0.0040062735776,0.999991974854
1583762859608924816,402,1583762859541661235,vo,1.22363980514,0.0905248652408,0.0,0.0,0.0,-0.00403929794504,0.999991842003
1583762859716839321,403,1583762859641998232,vo,1.22385096168,0.0863676779432,0.0,0.0,0.0,-0.00397286040338,0.999992108159
1583762859808434989,404,1583762859741960714,vo,1.22354849785,0.0880068387338,0.0,0.0,0.0,-0.00414488113536,0.999991409943
1583762859909103800,405,1583762859842258626,vo,1.22296389826,0.0918014100727,0.0,0.0,0.0,-0.00417960252549,0.999991265423
1583762860014686368,406,1583762859942663289,vo,1.2233094908,0.0935233906091,0.0,0.0,0.0,-0.00415355643976,0.999991373947
1583762860111355230,407,1583762860042859893,vo,1.22294212958,0.0924114541871,0.0,0.0,0.0,-0.00434817377239,0.999990546648
1583762860210913266,408,1583762860143044912,vo,1.22310697191,0.0905070924832,0.0,0.0,0.0,-0.00429992554409,0.999990755277
1583762860314102977,409,1583762860243419842,vo,1.22260912206,0.0894751819111,0.0,0.0,0.0,-0.00433934529237,0.999990584997
1583762860414438431,410,1583762860343718714,vo,1.22288262416,0.096590692907,0.0,0.0,0.0,-0.00412827442878,0.999991478639
1583762860510366859,411,1583762860444015443,vo,1.22193852962,0.100824682679,0.0,0.0,0.0,-0.00420063880607,0.999991177278
1583762860620928027,412,1583762860544205809,vo,1.22242998861,0.0975031081724,0.0,0.0,0.0,-0.00403273379232,0.999991868496
1583762860711891728,413,1583762860644369681,vo,1.22275768283,0.09890455248,0.0,0.0,0.0,-0.00390592251743,0.999992371856
1583762860813012695,414,1583762860744803477,vo,1.22251097036,0.0934412401923,0.0,0.0,0.0,-0.00431904999607,0.99999067286
1583762860915359158,415,1583762860844960248,vo,1.22357246255,0.0894306969394,0.0,0.0,0.0,-0.00382387477287,0.999992688964
1583762861014082197,416,1583762860945050418,vo,1.22209861806,0.0943918491878,0.0,0.0,0.0,-0.00464362523653,0.999989218314
1583762861111465950,417,1583762861045438240,vo,1.2228607638,0.0929812248947,0.0,0.0,0.0,-0.00434185825698,0.999990574089
1583762861214436102,418,1583762861145704064,vo,1.22339214512,0.0886302600433,0.0,0.0,0.0,-0.00399340543697,0.999992026325
1583762861313034158,419,1583762861245755916,vo,1.22299798676,0.0906587236676,0.0,0.0,0.0,-0.00417279643211,0.999991293847
1583762861415205627,420,1583762861346153454,vo,1.22324744234,0.0877830828778,0.0,0.0,0.0,-0.00398448708763,0.9999920619
1583762861514316815,421,1583762861446294134,vo,1.2225022633,0.0906284157615,0.0,0.0,0.0,-0.00421541809431,0.999991115086
1583762861613726672,422,1583762861546458149,vo,1.22240492092,0.0893164622209,0.0,0.0,0.0,-0.00428185223058,0.999990832829
1583762861713473329,423,1583762861646712180,vo,1.22256616199,0.0915976406483,0.0,0.0,0.0,-0.00431863707866,0.999990674643
1583762861814859311,424,1583762861747187369,vo,1.22263898476,0.0892916367899,0.0,0.0,0.0,-0.00430798755726,0.999990720579
1583762861914229681,425,1583762861847408382,vo,1.22294845303,0.0890373392734,0.0,0.0,0.0,-0.0039852197994,0.99999205898
1583762862016017366,426,1583762861947710285,vo,1.22214651109,0.0902975787927,0.0,0.0,0.0,-0.00409639003898,0.999991609759
1583762862115889619,427,1583762862048084887,vo,1.221776913,0.0906789447068,0.0,0.0,0.0,-0.00332105898065,0.999994485268
1583762862217065015,428,1583762862148557220,vo,1.22294725443,0.0799825636111,0.0,0.0,0.0,0.0040171941128,0.999991931043
1583762862315361746,429,1583762862248949519,vo,1.22310700415,0.0496460665907,0.0,0.0,0.0,0.013150656833,0.999913526374
1583762862423997191,430,1583762862349479476,vo,1.22331335566,0.0228986146588,0.0,0.0,0.0,0.0235920404503,0.99972166908
1583762862520895495,431,1583762862449732696,vo,1.22445063839,-0.00442056764588,0.0,0.0,0.0,0.0338346542077,0.999427444177
1583762862617649426,432,1583762862549975217,vo,1.22492038195,-0.0319396294146,0.0,0.0,0.0,0.0445557425506,0.999006899779
1583762862718058661,433,1583762862650065709,vo,1.22595982312,-0.0576806635432,0.0,0.0,0.0,0.0553830570514,0.998465180661
1583762862819699646,434,1583762862750339209,vo,1.22707739322,-0.0806603720113,0.0,0.0,0.0,0.0659521124639,0.997822789308
1583762862923980989,435,1583762862850570173,vo,1.22787583411,-0.0948543142984,0.0,0.0,0.0,0.0773355419792,0.997005122327
1583762863020318875,436,1583762862950612550,vo,1.22870125147,-0.110207770069,0.0,0.0,0.0,0.0878066246787,0.996137539029
1583762863117863023,437,1583762863050864054,vo,1.22927463257,-0.124160899601,0.0,0.0,0.0,0.09870251795,0.995116984555
1583762863230345310,438,1583762863151203657,vo,1.23013802943,-0.143125841535,0.0,0.0,0.0,0.109723005298,0.993962203561
1583762863320905205,439,1583762863251507703,vo,1.2319331975,-0.173086665201,0.0,0.0,0.0,0.120528987793,0.992709808102
1583762863420732202,440,1583762863351655973,vo,1.23320863562,-0.194784101302,0.0,0.0,0.0,0.131275020442,0.991345988547
1583762863525794107,441,1583762863452055355,vo,1.2341289416,-0.228532539988,0.0,0.0,0.0,0.142301434077,0.989823369021
1583762863623784455,442,1583762863552319418,vo,1.23359812294,-0.231755944679,0.0,0.0,0.0,0.152966540577,0.988231368387
1583762863720822021,443,1583762863652528502,vo,1.23343618366,-0.232762268747,0.0,0.0,0.0,0.163124453965,0.986605499943
1583762863829295208,444,1583762863752831182,vo,1.23388475684,-0.234617996837,0.0,0.0,0.0,0.173724002851,0.984794379977
1583762863921803809,445,1583762863853187640,vo,1.23445763532,-0.239056010657,0.0,0.0,0.0,0.184563160583,0.982820654929
1583762864022724458,446,1583762863953445985,vo,1.23463446017,-0.247999866059,0.0,0.0,0.0,0.194944315609,0.980814311586
1583762864130148557,447,1583762864053648808,vo,1.23469065562,-0.244282607875,0.0,0.0,0.0,0.205010310838,0.978759813463
1583762864319378171,448,1583762864153684756,vo,1.23526379944,-0.255641712294,0.0,0.0,0.0,0.214553430221,0.976712253215
1583762864334014481,449,1583762864253872699,vo,1.23618960915,-0.257835251082,0.0,0.0,0.0,0.224812791966,0.974401974838
1583762864430874578,450,1583762864354006340,vo,1.23664112722,-0.26208586638,0.0,0.0,0.0,0.23501489003,0.971991770266
1583762864527162837,451,1583762864454264315,vo,1.23687812588,-0.264608197872,0.0,0.0,0.0,0.244936087819,0.969539227099
1583762864624190605,452,1583762864554420717,vo,1.23737876593,-0.264108810782,0.0,0.0,0.0,0.255490001842,0.966811697777
1583762864732675380,453,1583762864654584785,vo,1.23672932097,-0.262322313231,0.0,0.0,0.0,0.265383392532,0.964142963968
1583762864824109694,454,1583762864754821253,vo,1.23752263733,-0.264908163503,0.0,0.0,0.0,0.276272303702,0.961079400574
1583762864926160852,455,1583762864854957590,vo,1.23673947887,-0.264173946241,0.0,0.0,0.0,0.286329000465,0.958131360249
1583762865027900213,456,1583762864955106593,vo,1.2371004028,-0.265309039491,0.0,0.0,0.0,0.296301513453,0.955094452463
1583762865127653728,457,1583762865055373070,vo,1.23757229447,-0.26679306584,0.0,0.0,0.0,0.306090886472,0.952002294755
1583762865229853670,458,1583762865155514290,vo,1.23812940736,-0.268748500059,0.0,0.0,0.0,0.313322203207,0.949646880149
1583762865337832251,459,1583762865255503164,vo,1.23864958942,-0.268353991869,0.0,0.0,0.0,0.317127294113,0.948382981358
1583762865424012383,460,1583762865355631032,vo,1.2385148999,-0.266475144922,0.0,0.0,0.0,0.317424181001,0.94828365446
1583762865523519817,461,1583762865455809659,vo,1.23763598227,-0.26932988867,0.0,0.0,0.0,0.317551750821,0.948240942773
1583762865626634823,462,1583762865555903838,vo,1.23747092808,-0.269761147886,0.0,0.0,0.0,0.317642378977,0.948210587938
1583762865722088096,463,1583762865656156650,vo,1.23696546762,-0.267951957326,0.0,0.0,0.0,0.317560568066,0.948237989963
1583762865823610138,464,1583762865756225226,vo,1.23749594654,-0.268066560619,0.0,0.0,0.0,0.317696015007,0.948192618643
1583762865925701923,465,1583762865856669492,vo,1.23792848993,-0.270112092529,0.0,0.0,0.0,0.318148614293,0.948040853141
1583762866025405823,466,1583762865956801697,vo,1.2367211589,-0.269809781905,0.0,0.0,0.0,0.317608989339,0.948221772525
1583762866123509842,467,1583762866057137335,vo,1.2373642207,-0.270489317336,0.0,0.0,0.0,0.318324069383,0.947981954919
1583762866225544935,468,1583762866157647104,vo,1.23669516912,-0.271637716367,0.0,0.0,0.0,0.317897295503,0.948125154983
1583762866324143907,469,1583762866257652897,vo,1.23668063578,-0.269859529398,0.0,0.0,0.0,0.317600762965,0.948224527928
1583762866425384864,470,1583762866357895867,vo,1.23687959755,-0.26933145232,0.0,0.0,0.0,0.317649382085,0.948208241928
1583762866525733986,471,1583762866458029393,vo,1.23688005409,-0.269750913076,0.0,0.0,0.0,0.317811833469,0.948153805301
1583762866626549771,472,1583762866558387931,vo,1.23710870328,-0.270321288482,0.0,0.0,0.0,0.317843854241,0.948143071652
1583762866723910779,473,1583762866658726790,vo,1.23660820848,-0.269370659558,0.0,0.0,0.0,0.317737363247,0.948178763734
1583762866828088507,474,1583762866759018840,vo,1.23688346457,-0.271168278984,0.0,0.0,0.0,0.31795791761,0.948104826814
1583762866925489072,475,1583762866859302712,vo,1.23632701955,-0.269011150968,0.0,0.0,0.0,0.317480003975,0.948264966703
1583762867027879943,476,1583762866959525404,vo,1.23661355038,-0.269483109453,0.0,0.0,0.0,0.317871487539,0.948133807756
1583762867126481019,477,1583762867059671610,vo,1.23672545574,-0.272171958152,0.0,0.0,0.0,0.317971933902,0.948100126174
1583762867227074833,478,1583762867159961177,vo,1.23605751463,-0.270503611692,0.0,0.0,0.0,0.317775784719,0.948165887726
1583762867325767759,479,1583762867260157011,vo,1.23572576445,-0.269559504994,0.0,0.0,0.0,0.317555215982,0.948239782335
1583762867431312519,480,1583762867360308381,vo,1.23627893525,-0.268946862398,0.0,0.0,0.0,0.317903324456,0.948123133511
1583762867526951750,481,1583762867460487792,vo,1.23585618427,-0.270998920663,0.0,0.0,0.0,0.317767765644,0.948168575264
1583762867638733815,482,1583762867560623161,vo,1.23677202722,-0.271200283835,0.0,0.0,0.0,0.317890677358,0.948127373958
1583762867730786662,483,1583762867660835128,vo,1.23721179384,-0.271381520863,0.0,0.0,0.0,0.318087225263,0.948061452188
1583762867829129278,484,1583762867760895266,vo,1.23703687455,-0.269874085691,0.0,0.0,0.0,0.31801808387,0.94808464724
1583762867932241167,485,1583762867861142418,vo,1.23647623748,-0.270103082634,0.0,0.0,0.0,0.3177026036,0.948190411081
1583762868031536213,486,1583762867961312399,vo,1.23716256759,-0.271160816313,0.0,0.0,0.0,0.317993272012,0.948092969574
1583762868126974224,487,1583762868061323896,vo,1.23700397761,-0.271099208227,0.0,0.0,0.0,0.317907561085,0.94812171297
1583762868235618476,488,1583762868161490041,vo,1.23597912298,-0.270216274471,0.0,0.0,0.0,0.317621178927,0.948217689508
1583762868337284047,489,1583762868261736851,vo,1.23760754976,-0.270547547236,0.0,0.0,0.0,0.318008111356,0.948087992283
1583762868429388666,490,1583762868361767598,vo,1.23671761894,-0.270671262443,0.0,0.0,0.0,0.317860853186,0.948137372964
1583762868532142009,491,1583762868461912968,vo,1.23676804499,-0.270723702937,0.0,0.0,0.0,0.317886141333,0.948128894797
1583762868629347733,492,1583762868562006333,vo,1.23621799198,-0.270019815828,0.0,0.0,0.0,0.317778636493,0.948164931955
1583762868728093819,493,1583762868662269692,vo,1.2369048236,-0.268977548098,0.0,0.0,0.0,0.317962832205,0.948103178634
1583762868836760633,494,1583762868762559590,vo,1.23674365968,-0.271452731251,0.0,0.0,0.0,0.317903928012,0.948122931141
1583762868931037638,495,1583762868862763959,vo,1.23599155369,-0.268758275108,0.0,0.0,0.0,0.31780517318,0.948156037738
1583762869036014807,496,1583762868962985918,vo,1.23727519389,-0.269514358112,0.0,0.0,0.0,0.318023010964,0.94808299452
1583762869134946061,497,1583762869063214827,vo,1.23672576349,-0.267971414575,0.0,0.0,0.0,0.317741930239,0.94817723331
1583762869232082282,498,1583762869163329942,vo,1.23638254529,-0.268940300733,0.0,0.0,0.0,0.317791935936,0.948160474526
1583762869328973782,499,1583762869263581053,vo,1.23632283266,-0.269999504446,0.0,0.0,0.0,0.317856246151,0.94813891745
1583762869436598772,500,1583762869363667950,vo,1.23653688179,-0.269696254541,0.0,0.0,0.0,0.317892764638,0.948126674127
1583762869529917529,501,1583762869463722887,vo,1.23609114862,-0.270479989115,0.0,0.0,0.0,0.317867798213,0.948135044632
1583762869633404316,502,1583762869563984166,vo,1.23621787647,-0.272716871462,0.0,0.0,0.0,0.31788726909,0.948128516684
1583762869733964038,503,1583762869664250263,vo,1.23554092344,-0.269785153535,0.0,0.0,0.0,0.317778426146,0.948165002453
1583762869837031883,504,1583762869764262916,vo,1.23609070276,-0.268589547858,0.0,0.0,0.0,0.317791284722,0.948160692791
1583762869934653476,505,1583762869864367070,vo,1.2367074282,-0.271039830688,0.0,0.0,0.0,0.317891905403,0.948126962215
1583762870037390002,506,1583762869964644940,vo,1.23652416434,-0.269745442541,0.0,0.0,0.0,0.317858980284,0.948138000848
1583762870132687311,507,1583762870064624011,vo,1.23613794887,-0.271546088491,0.0,0.0,0.0,0.317936839113,0.948111895472
1583762870235040900,508,1583762870164830206,vo,1.23654855007,-0.269486562561,0.0,0.0,0.0,0.317838502245,0.948144865772
1583762870330647087,509,1583762870265149983,vo,1.23610429612,-0.2708745846,0.0,0.0,0.0,0.317924353512,0.948116082262
1583762870433174509,510,1583762870365305268,vo,1.23525244936,-0.269744540041,0.0,0.0,0.0,0.31767686456,0.948199034867
1583762870532489161,511,1583762870465546860,vo,1.23599839583,-0.271255491276,0.0,0.0,0.0,0.317871487661,0.948133807715
1583762870637522877,512,1583762870565662777,vo,1.23571558675,-0.269921957518,0.0,0.0,0.0,0.317652358269,0.948207244903
1583762870733617347,513,1583762870665842476,vo,1.23587907551,-0.269815959218,0.0,0.0,0.0,0.317750756964,0.948174275357
1583762870834203167,514,1583762870766196618,vo,1.23550740661,-0.270028649616,0.0,0.0,0.0,0.317675967918,0.948199335271
1583762870934584818,515,1583762870866281039,vo,1.23561725181,-0.270829797545,0.0,0.0,0.0,0.317809036168,0.948154742924
1583762871035239489,516,1583762870966443012,vo,1.23533777316,-0.271930715225,0.0,0.0,0.0,0.317803815096,0.948156492943
1583762871132858327,517,1583762871066661279,vo,1.23553881126,-0.271297909928,0.0,0.0,0.0,0.318018378229,0.948084548502
1583762871239658202,518,1583762871166910899,vo,1.23561048649,-0.271254028274,0.0,0.0,0.0,0.317795812504,0.94815917522
1583762871333154836,519,1583762871267156119,vo,1.23534489286,-0.271339056352,0.0,0.0,0.0,0.317881267565,0.948130528847
1583762871435282547,520,1583762871367411219,vo,1.23507298573,-0.271045792358,0.0,0.0,0.0,0.317733252887,0.948180141118
1583762871533151106,521,1583762871467519620,vo,1.23525601792,-0.271450757587,0.0,0.0,0.0,0.317670971223,0.948201009303
1583762871636786408,522,1583762871567852486,vo,1.2343479736,-0.268477729428,0.0,0.0,0.0,0.317399041322,0.948292069232
1583762871734176501,523,1583762871668232301,vo,1.23507096577,-0.271245850404,0.0,0.0,0.0,0.317679083009,0.948198291613
1583762871836063623,524,1583762871768641716,vo,1.23539647992,-0.271601319345,0.0,0.0,0.0,0.317905416162,0.948122432165
1583762871934714864,525,1583762871868913387,vo,1.234913292,-0.271916385545,0.0,0.0,0.0,0.31771603018,0.948185912238
1583762872051270092,526,1583762871969053210,vo,1.23477775144,-0.272256046763,0.0,0.0,0.0,0.31783821977,0.948144960464
1583762872135976595,527,1583762872069407466,vo,1.2348646554,-0.271493064371,0.0,0.0,0.0,0.31765124037,0.948207619402
1583762872235923503,528,1583762872169535174,vo,1.23494256784,-0.272319378326,0.0,0.0,0.0,0.317950748397,0.948107231063
1583762872338949323,529,1583762872269852666,vo,1.23425664468,-0.270690068174,0.0,0.0,0.0,0.31758151298,0.94823097535
1583762872437279241,530,1583762872369922447,vo,1.2356631143,-0.271608535924,0.0,0.0,0.0,0.31790643019,0.948122092161
1583762872538133053,531,1583762872470166478,vo,1.23503227523,-0.271215200718,0.0,0.0,0.0,0.317769216101,0.948168089159
1583762872637498385,532,1583762872570326722,vo,1.23466055343,-0.270822586331,0.0,0.0,0.0,0.317734872693,0.948179598322
1583762872737141609,533,1583762872670609216,vo,1.23409859241,-0.270730132069,0.0,0.0,0.0,0.317426842937,0.948282763411
1583762872839479950,534,1583762872770797140,vo,1.23479993763,-0.271842054189,0.0,0.0,0.0,0.317640490093,0.948211220696
1583762872943493618,535,1583762872870914273,vo,1.23500925243,-0.271658513301,0.0,0.0,0.0,0.317773762605,0.94816656543
1583762873039855776,536,1583762872971018907,vo,1.23455131508,-0.272000543637,0.0,0.0,0.0,0.317875135177,0.94813258484
1583762873139009324,537,1583762873071314601,vo,1.23452412858,-0.273372646654,0.0,0.0,0.0,0.317729936407,0.948181252457
1583762873243065473,538,1583762873171298070,vo,1.23473945974,-0.272912108821,0.0,0.0,0.0,0.317796810696,0.948158840655
1583762873338281328,539,1583762873271523984,vo,1.23408613997,-0.27215439442,0.0,0.0,0.0,0.317579512374,0.948231645391
1583762873438625601,540,1583762873371796777,vo,1.23477226705,-0.270929211683,0.0,0.0,0.0,0.317677829098,0.948198711716
1583762873543752339,541,1583762873471825690,vo,1.23427707241,-0.272313720196,0.0,0.0,0.0,0.317729056481,0.948181547315
1583762873640366269,542,1583762873571955622,vo,1.23417950958,-0.270351536173,0.0,0.0,0.0,0.317588418157,0.94822866264
1583762873739046357,543,1583762873672195256,vo,1.23389619803,-0.270082995967,0.0,0.0,0.0,0.317576629176,0.94823261102
1583762873845431736,544,1583762873772451122,vo,1.23477345546,-0.269217089408,0.0,0.0,0.0,0.317531931739,0.948247579657
1583762873939207411,545,1583762873872554659,vo,1.23482892708,-0.26995901311,0.0,0.0,0.0,0.317764548417,0.948169653474
1583762874044100749,546,1583762873972788877,vo,1.23470607685,-0.272181712968,0.0,0.0,0.0,0.317807359312,0.948155304983
1583762874140075435,547,1583762874073063599,vo,1.23442965414,-0.271572082041,0.0,0.0,0.0,0.317625249895,0.948216325861
1583762874240686924,548,1583762874173286170,vo,1.23373612365,-0.270673546628,0.0,0.0,0.0,0.317449611106,0.948275141723
1583762874341028431,549,1583762874273655360,vo,1.23457140557,-0.270691963564,0.0,0.0,0.0,0.317759051325,0.948171495723
1583762874448654220,550,1583762874373933139,vo,1.23495353093,-0.272359737097,0.0,0.0,0.0,0.317481205401,0.948264564463
1583762874550362147,551,1583762874474069362,vo,1.23368506529,-0.272935956384,0.0,0.0,0.0,0.316869742163,0.948469064599
1583762874654885086,552,1583762874574304749,vo,1.23486766944,-0.271363037613,0.0,0.0,0.0,0.316258622487,0.948673012003
1583762874753413444,553,1583762874674470514,vo,1.23587883213,-0.270532894259,0.0,0.0,0.0,0.310548638562,0.95055749068
1583762874844172157,554,1583762874774484555,vo,1.23738720953,-0.270978533973,0.0,0.0,0.0,0.303231492236,0.952916922988
1583762874945568946,555,1583762874874860973,vo,1.23661850767,-0.267642518984,0.0,0.0,0.0,0.292092341959,0.956390121116
1583762875048887962,556,1583762874974843816,vo,1.23740055701,-0.268086757402,0.0,0.0,0.0,0.281844588695,0.95946007099
1583762875145260117,557,1583762875075215555,vo,1.23724337313,-0.265667664042,0.0,0.0,0.0,0.271681546447,0.962387207583
1583762875241531313,558,1583762875175370313,vo,1.23761147465,-0.266135085305,0.0,0.0,0.0,0.261192186191,0.96528681845
1583762875348479515,559,1583762875275457670,vo,1.2367102886,-0.267025768652,0.0,0.0,0.0,0.250279295227,0.968173679864
1583762875442055340,560,1583762875375772041,vo,1.23782891758,-0.265128685234,0.0,0.0,0.0,0.239589734933,0.970874224045
1583762875544606995,561,1583762875475981484,vo,1.238654263,-0.264830820197,0.0,0.0,0.0,0.229912613701,0.973211277196
1583762875646822189,562,1583762875576223495,vo,1.23765324932,-0.261321676221,0.0,0.0,0.0,0.218199534069,0.975904177331
1583762875746382481,563,1583762875676431532,vo,1.23862805771,-0.260828089708,0.0,0.0,0.0,0.20726076183,0.978285733621
1583762875845193010,564,1583762875776746627,vo,1.23863575273,-0.260160689814,0.0,0.0,0.0,0.196519263235,0.980499963885
1583762875949072886,565,1583762875876850033,vo,1.23916998364,-0.260502213063,0.0,0.0,0.0,0.185580933128,0.982628982505
1583762876044414457,566,1583762875977041191,vo,1.23902843625,-0.255542462861,0.0,0.0,0.0,0.174463616585,0.984663620983
1583762876143632497,567,1583762876077095325,vo,1.24135257464,-0.258594570739,0.0,0.0,0.0,0.164545779911,0.986369447172
1583762876247492699,568,1583762876177355768,vo,1.24037878539,-0.257071480839,0.0,0.0,0.0,0.153362641638,0.988169975333
1583762876347360682,569,1583762876277640997,vo,1.24155436377,-0.255453006804,0.0,0.0,0.0,0.14256111649,0.989786001146
1583762876449432609,570,1583762876377793102,vo,1.24099010415,-0.242269449331,0.0,0.0,0.0,0.131555039468,0.991308867907
1583762876548802010,571,1583762876477980236,vo,1.24233945386,-0.223583612618,0.0,0.0,0.0,0.120535023151,0.992709075305
1583762876646029951,572,1583762876578130393,vo,1.24320626715,-0.195062302001,0.0,0.0,0.0,0.110664969339,0.993857768778
1583762876748293086,573,1583762876678408992,vo,1.2424149272,-0.176623894257,0.0,0.0,0.0,0.0995494352467,0.995032617527
1583762876846453474,574,1583762876778451466,vo,1.24198945273,-0.15054773841,0.0,0.0,0.0,0.0891679098288,0.996016608223
1583762876946897853,575,1583762876878460089,vo,1.240695365,-0.120737293681,0.0,0.0,0.0,0.0780590484655,0.996948737375
1583762877049859155,576,1583762876978655888,vo,1.24009937571,-0.0897041846959,0.0,0.0,0.0,0.0674848703009,0.997720297619
1583762877150155411,577,1583762877079042290,vo,1.2399701273,-0.0665247105817,0.0,0.0,0.0,0.0570886166533,0.998369115031
1583762877247055771,578,1583762877179276300,vo,1.23820840924,-0.0357986700218,0.0,0.0,0.0,0.0461786783494,0.998933195797
1583762877356794931,579,1583762877279672358,vo,1.23798041468,-0.0189090573956,0.0,0.0,0.0,0.0351824936316,0.999380904431
1583762877448293192,580,1583762877379768125,vo,1.23689142706,-0.00331932043295,0.0,0.0,0.0,0.0242619713643,0.999705635047
1583762877552186953,581,1583762877479927723,vo,1.23655832972,0.0184458098099,0.0,0.0,0.0,0.01379590549,0.999904831967
1583762877653716376,582,1583762877579994260,vo,1.23625321358,0.0453901142086,0.0,0.0,0.0,0.00308762683094,0.999995233269
1583762877751339939,583,1583762877680108921,vo,1.23498532236,0.0715359352763,0.0,0.0,0.0,-0.0078888481551,0.999968882553
1583762877847371935,584,1583762877780404454,vo,1.23366394379,0.0997424603235,0.0,0.0,0.0,-0.0186361463249,0.999826331945
1583762877957656217,585,1583762877880644826,vo,1.23308286348,0.114490090665,0.0,0.0,0.0,-0.0292287659429,0.999572748349
1583762878050613212,586,1583762877980660889,vo,1.23139969144,0.141850862193,0.0,0.0,0.0,-0.0404839819064,0.999180187558
1583762878158928030,587,1583762878080818347,vo,1.23133243671,0.164086170168,0.0,0.0,0.0,-0.0510037045768,0.998698464062
1583762878258080069,588,1583762878181161710,vo,1.23116142388,0.19861341831,0.0,0.0,0.0,-0.0614823341405,0.998108171787
1583762878351321778,589,1583762878281116818,vo,1.23068055651,0.217272324013,0.0,0.0,0.0,-0.0720241562513,0.997402887963
1583762878449821378,590,1583762878381491699,vo,1.22940820869,0.24482691264,0.0,0.0,0.0,-0.083217476945,0.996531410208
1583762878549827295,591,1583762878481659805,vo,1.2293620434,0.273460861505,0.0,0.0,0.0,-0.0934743391222,0.99562168916
1583762878651193630,592,1583762878581813107,vo,1.22877992576,0.30371843368,0.0,0.0,0.0,-0.105187276018,0.994452430719
1583762878753718080,593,1583762878682135587,vo,1.22920351184,0.309014060111,0.0,0.0,0.0,-0.115845831827,0.993267206369
1583762878862272166,594,1583762878782223008,vo,1.22903183542,0.317743023396,0.0,0.0,0.0,-0.125846197623,0.992049764147
1583762878954452233,595,1583762878882551764,vo,1.22746779115,0.333135457989,0.0,0.0,0.0,-0.136889939893,0.990586262955
1583762879057473445,596,1583762878983008328,vo,1.2278019716,0.357826247479,0.0,0.0,0.0,-0.148051785998,0.988979609832
1583762879158637494,597,1583762879083109177,vo,1.22768613794,0.38505918924,0.0,0.0,0.0,-0.158073123837,0.987427408735
1583762879256339791,598,1583762879183367070,vo,1.22774929407,0.407895890403,0.0,0.0,0.0,-0.169698415013,0.985496041566
1583762879354058310,599,1583762879283312500,vo,1.22715506758,0.421932961246,0.0,0.0,0.0,-0.180494499581,0.983575993821
1583762879459945706,600,1583762879383506637,vo,1.22761089068,0.431008348491,0.0,0.0,0.0,-0.191655142495,0.981462330584
1583762879588925187,601,1583762879483866054,vo,1.22766482012,0.453365125808,0.0,0.0,0.0,-0.202067809452,0.979371533374
1583762879822459828,602,1583762879583677481,vo,1.22755569159,0.479102146125,0.0,0.0,0.0,-0.212606328753,0.977137937537
1583762879845125463,603,1583762879683858535,vo,1.22684813531,0.498565407569,0.0,0.0,0.0,-0.223045673547,0.974807995203
1583762879887968536,604,1583762879784100876,vo,1.22562848826,0.535361010263,0.0,0.0,0.0,-0.233872076935,0.972267376615
1583762879952900750,605,1583762879884225471,vo,1.22589684598,0.538147680374,0.0,0.0,0.0,-0.244317705236,0.969695240221
1583762880052292681,606,1583762879984456518,vo,1.22595370692,0.537589951631,0.0,0.0,0.0,-0.255451760419,0.96682180266
1583762880155001347,607,1583762880084531673,vo,1.22633861721,0.543944796324,0.0,0.0,0.0,-0.265951029522,0.963986540309
1583762880252977874,608,1583762880184808575,vo,1.22636471179,0.548009344722,0.0,0.0,0.0,-0.276208549251,0.961097725167
1583762880354300896,609,1583762880284948345,vo,1.22691604391,0.550354733157,0.0,0.0,0.0,-0.287111061521,0.957897300525
1583762880454282997,610,1583762880385190276,vo,1.22686067286,0.555990929818,0.0,0.0,0.0,-0.297506290627,0.954719857884
1583762880561088306,611,1583762880485807275,vo,1.22720430935,0.547368900873,0.0,0.0,0.0,-0.304999476863,0.952352518301
1583762880663228997,612,1583762880585902249,vo,1.22722116159,0.549487189062,0.0,0.0,0.0,-0.308316839419,0.951283725568
1583762880755830759,613,1583762880686161748,vo,1.22793340904,0.542094311951,0.0,0.0,0.0,-0.309526513699,0.950890812511
1583762880854074754,614,1583762880786342204,vo,1.22677915777,0.54455802451,0.0,0.0,0.0,-0.30951334287,0.950895099675
1583762880954481585,615,1583762880886508675,vo,1.22705904239,0.544344188741,0.0,0.0,0.0,-0.30983047342,0.950791816194
1583762881058318196,616,1583762880986830268,vo,1.22695149007,0.542120239523,0.0,0.0,0.0,-0.309626127325,0.950858381294
1583762881157257780,617,1583762881087115307,vo,1.22723787452,0.545439711776,0.0,0.0,0.0,-0.309905257324,0.950767443428
1583762881253100876,618,1583762881187210165,vo,1.22658140264,0.546464199677,0.0,0.0,0.0,-0.309844165371,0.950787354347
1583762881354456385,619,1583762881287537481,vo,1.22680370578,0.54315972675,0.0,0.0,0.0,-0.309773121883,0.950810503181
1583762881454640814,620,1583762881387680894,vo,1.22632789828,0.546753640635,0.0,0.0,0.0,-0.309991179553,0.950739432547
1583762881560050644,621,1583762881487852612,vo,1.22610681001,0.544100427627,0.0,0.0,0.0,-0.30963165813,0.950856580292
1583762881656134740,622,1583762881588021138,vo,1.22541808172,0.539065843158,0.0,0.0,0.0,-0.309733955466,0.950823262669
1583762881757523750,623,1583762881688372039,vo,1.2255063337,0.54109185395,0.0,0.0,0.0,-0.309745316177,0.950819561803
1583762881854973040,624,1583762881788734649,vo,1.22597005305,0.543612199111,0.0,0.0,0.0,-0.309620802124,0.950860115312
1583762881956813374,625,1583762881888747470,vo,1.22674383116,0.545499754968,0.0,0.0,0.0,-0.310191992642,0.950673933429
1583762882056222686,626,1583762881988893119,vo,1.22559331256,0.544642869125,0.0,0.0,0.0,-0.309904547334,0.950767674851
1583762882162515902,627,1583762882089054542,vo,1.22481317359,0.543205238335,0.0,0.0,0.0,-0.309352340299,0.950947490428
1583762882261648889,628,1583762882189272669,vo,1.22492231698,0.544408924477,0.0,0.0,0.0,-0.309751281491,0.950817618481
1583762882358005338,629,1583762882289466094,vo,1.22528254782,0.5431851964,0.0,0.0,0.0,-0.309760437458,0.95081463566
1583762882457364241,630,1583762882389606664,vo,1.22494382,0.540436262511,0.0,0.0,0.0,-0.309736132316,0.950822553549
1583762882559355007,631,1583762882489756603,vo,1.22466119049,0.548889146287,0.0,0.0,0.0,-0.310026565963,0.950727893983
1583762882658051267,632,1583762882589934324,vo,1.22375544056,0.546374215405,0.0,0.0,0.0,-0.309416269428,0.950926691293
1583762882759729468,633,1583762882690282612,vo,1.22491177236,0.544123874099,0.0,0.0,0.0,-0.310069147503,0.950714007348
1583762882856544137,634,1583762882790560235,vo,1.22464495421,0.546516987308,0.0,0.0,0.0,-0.309912533718,0.950765071637
1583762882970481197,635,1583762882890878086,vo,1.22562769884,0.542639138699,0.0,0.0,0.0,-0.310395996528,0.950607345511
1583762883065929570,636,1583762882991173292,vo,1.22403147499,0.547468724806,0.0,0.0,0.0,-0.30966297353,0.950846382348
1583762883168321224,637,1583762883091556488,vo,1.22401631937,0.543924365861,0.0,0.0,0.0,-0.309687015374,0.950838552284
1583762883272101790,638,1583762883191786930,vo,1.2239679759,0.547264081045,0.0,0.0,0.0,-0.309893171795,0.950771382654
1583762883360778734,639,1583762883291871059,vo,1.22357924864,0.545165582115,0.0,0.0,0.0,-0.3094216031,0.950924955785
1583762883458404002,640,1583762883392158800,vo,1.22335386584,0.544131767675,0.0,0.0,0.0,-0.309320100024,0.950957977894
1583762883559581055,641,1583762883492364028,vo,1.22333639671,0.543690889611,0.0,0.0,0.0,-0.309350188664,0.950948190373
1583762883663642074,642,1583762883592558341,vo,1.22332906703,0.544224522545,0.0,0.0,0.0,-0.309659755272,0.950847430435
1583762883766309894,643,1583762883692846152,vo,1.22344931549,0.545393730892,0.0,0.0,0.0,-0.309513653442,0.950894998585
1583762883880504109,644,1583762883793139843,vo,1.2229328162,0.546485951154,0.0,0.0,0.0,-0.309439483449,0.95091913751
1583762883968314200,645,1583762883893414189,vo,1.22346402593,0.546161072914,0.0,0.0,0.0,-0.309824175469,0.950793868457
1583762884069707516,646,1583762883993454590,vo,1.22274889733,0.550552326446,0.0,0.0,0.0,-0.309945899828,0.950754194931
1583762884171883103,647,1583762884093749032,vo,1.22264181935,0.543878910746,0.0,0.0,0.0,-0.309214571306,0.950992296968
1583762884264347646,648,1583762884193853746,vo,1.22333954874,0.545167971024,0.0,0.0,0.0,-0.30978932814,0.950805223045
1583762884363103175,649,1583762884293756473,vo,1.22411207218,0.544980438783,0.0,0.0,0.0,-0.309891628023,0.950771885828
1583762884461028542,650,1583762884393982192,vo,1.22334541891,0.540155089336,0.0,0.0,0.0,-0.30951744912,0.950893763094
1583762884567865105,651,1583762884494193743,vo,1.22268409274,0.54626945667,0.0,0.0,0.0,-0.30939405698,0.95093391858
1583762884668079980,652,1583762884594447263,vo,1.22195380048,0.544992428328,0.0,0.0,0.0,-0.30913708863,0.951017486923
1583762884792728276,653,1583762884694706925,vo,1.22168001827,0.54522446701,0.0,0.0,0.0,-0.309260408826,0.950977391704
1583762884862804387,654,1583762884794871914,vo,1.22315105014,0.54402855627,0.0,0.0,0.0,-0.309554062701,0.950881844535
1583762884963209236,655,1583762884895062190,vo,1.22261322406,0.54723308205,0.0,0.0,0.0,-0.309787360937,0.950805863993
1583762885062611683,656,1583762884995304295,vo,1.22231063617,0.544902578196,0.0,0.0,0.0,-0.30958309545,0.950872392601
1583762885168378125,657,1583762885095747042,vo,1.22222792603,0.547281481368,0.0,0.0,0.0,-0.309564190304,0.950878547493
1583762885262196764,658,1583762885196041877,vo,1.22178542421,0.545679376014,0.0,0.0,0.0,-0.308900948092,0.951094214191
1583762885364605173,659,1583762885296252169,vo,1.22223051861,0.546126943803,0.0,0.0,0.0,-0.309205492889,0.950995248762
1583762885466816791,660,1583762885396421447,vo,1.22200812081,0.551192009053,0.0,0.0,0.0,-0.30938090546,0.950938197433
1583762885567918365,661,1583762885496996650,vo,1.22221095773,0.545098207587,0.0,0.0,0.0,-0.309536742497,0.950887482852
1583762885968338127,662,1583762885597097043,vo,1.2225243334,0.547622334664,0.0,0.0,0.0,-0.309867791811,0.950779654598
1583762885970325120,663,1583762885797655034,vo,1.22246972368,0.54943969363,0.0,0.0,0.0,-0.309818068868,0.950795858322
1583762885974230539,664,1583762885898163347,vo,1.22200802383,0.549627988747,0.0,0.0,0.0,-0.309618843425,0.950860753106
1583762886065115580,665,1583762885998007945,vo,1.2216925583,0.547106199543,0.0,0.0,0.0,-0.309596146955,0.95086814322
1583762886173231490,666,1583762886098260097,vo,1.22186020556,0.544777865965,0.0,0.0,0.0,-0.309533773126,0.950888449449
1583762886270407952,667,1583762886198511247,vo,1.22130063684,0.547817804712,0.0,0.0,0.0,-0.309325974757,0.950956066988
1583762886365940413,668,1583762886298808694,vo,1.22206118275,0.548185954029,0.0,0.0,0.0,-0.309476336419,0.950907144361
1583762886465324233,669,1583762886399019055,vo,1.22173117531,0.544269424448,0.0,0.0,0.0,-0.309271049869,0.950973931143
1583762886567101172,670,1583762886499383337,vo,1.22223162938,0.546871581839,0.0,0.0,0.0,-0.309752680958,0.950817162571
1583762886665497725,671,1583762886599348048,vo,1.22125645664,0.546843112323,0.0,0.0,0.0,-0.309310577786,0.95096107516
1583762886767168296,672,1583762886699947589,vo,1.22143263609,0.54590529316,0.0,0.0,0.0,-0.309278718832,0.950971437046
1583762886868104207,673,1583762886800097154,vo,1.22189702555,0.547141522452,0.0,0.0,0.0,-0.309432961915,0.950921259664
1583762886973118669,674,1583762886900298455,vo,1.22162338219,0.545731837088,0.0,0.0,0.0,-0.30954614218,0.950884422978
1583762887071558209,675,1583762887000654256,vo,1.22139751517,0.545840091809,0.0,0.0,0.0,-0.309371679316,0.950941199043
1583762887167572624,676,1583762887100874165,vo,1.22124366932,0.546801215456,0.0,0.0,0.0,-0.309668894815,0.950844453938
1583762887267773382,677,1583762887200956937,vo,1.2214641273,0.545538950651,0.0,0.0,0.0,-0.309576486718,0.950874544234
1583762887367181433,678,1583762887301129903,vo,1.22053810556,0.544207849163,0.0,0.0,0.0,-0.309356344399,0.950946187847
1583762887467361775,679,1583762887401395092,vo,1.22159844928,0.547172138224,0.0,0.0,0.0,-0.309427330349,0.950923092176
1583762887576208083,680,1583762887501622035,vo,1.22099900541,0.545047051803,0.0,0.0,0.0,-0.309408485803,0.950929223924
1583762887667824864,681,1583762887601837475,vo,1.22191275577,0.54507437074,0.0,0.0,0.0,-0.309719388123,0.950828007907
1583762887772520327,682,1583762887702130576,vo,1.22057304834,0.546413281981,0.0,0.0,0.0,-0.309279280249,0.95097125446
1583762887875081666,683,1583762887802356097,vo,1.22162465042,0.547240598885,0.0,0.0,0.0,-0.309485473237,0.9509041707
1583762887969668683,684,1583762887902347622,vo,1.22065471937,0.547681380868,0.0,0.0,0.0,-0.309455908989,0.950913792303
1583762888069865175,685,1583762888002777169,vo,1.22070018807,0.546536395866,0.0,0.0,0.0,-0.309240725666,0.950983792496
1583762888171681568,686,1583762888103216658,vo,1.22058047557,0.548575241134,0.0,0.0,0.0,-0.309481174769,0.950905569688
1583762888270484600,687,1583762888203377967,vo,1.21982205058,0.545492573531,0.0,0.0,0.0,-0.309283181646,0.95096998562
1583762888371289117,688,1583762888303678448,vo,1.22053814288,0.546115504011,0.0,0.0,0.0,-0.309453785025,0.950914483502
1583762888471963343,689,1583762888404004243,vo,1.22095415826,0.547610649616,0.0,0.0,0.0,-0.309906987361,0.950766879516
1583762888574018825,690,1583762888504201091,vo,1.22027108832,0.545232824158,0.0,0.0,0.0,-0.309332358577,0.950953990442
1583762888683609856,691,1583762888604338004,vo,1.22057716191,0.545071766415,0.0,0.0,0.0,-0.309648718805,0.950851024579
1583762888771913392,692,1583762888704617922,vo,1.22016921025,0.548537513434,0.0,0.0,0.0,-0.309527181748,0.950890595052
1583762888871101335,693,1583762888804775901,vo,1.2203038843,0.546967245829,0.0,0.0,0.0,-0.309442163835,0.950918265279
1583762888972660830,694,1583762888905206578,vo,1.22069467986,0.54759060022,0.0,0.0,0.0,-0.309555485212,0.950881381443
1583762889073205805,695,1583762889005472886,vo,1.22060832222,0.546488650692,0.0,0.0,0.0,-0.309458419753,0.950912975221
1583762889173368736,696,1583762889105707891,vo,1.21971640203,0.54991635261,0.0,0.0,0.0,-0.309413655235,0.950927541905
1583762889272618945,697,1583762889205745566,vo,1.2202614698,0.549233130283,0.0,0.0,0.0,-0.309450100024,0.950915682695
1583762889375695160,698,1583762889305979476,vo,1.22034370978,0.547177474818,0.0,0.0,0.0,-0.30969498943,0.950835955106
1583762889476205342,699,1583762889406315955,vo,1.21975918538,0.545947025975,0.0,0.0,0.0,-0.309183147373,0.951002513867
1583762889573892319,700,1583762889506628397,vo,1.2199621218,0.546699002845,0.0,0.0,0.0,-0.309489234576,0.95090294651
1583762889673081077,701,1583762889606758853,vo,1.22017075036,0.545165212127,0.0,0.0,0.0,-0.309279003918,0.950971344329
1583762889773158469,702,1583762889706935325,vo,1.22041431052,0.546658319443,0.0,0.0,0.0,-0.309148419413,0.951013803672
1583762889873694459,703,1583762889807265670,vo,1.22096352021,0.545060095386,0.0,0.0,0.0,-0.307868199003,0.951429015766
1583762889973403220,704,1583762889907628471,vo,1.21942251352,0.546286306298,0.0,0.0,0.0,-0.306425243469,0.951894726409
1583762890075238958,705,1583762890007954082,vo,1.21978889906,0.54415137823,0.0,0.0,0.0,-0.305329785708,0.952246670753
1583762890178251849,706,1583762890108270930,vo,1.21912572149,0.540388583447,0.0,0.0,0.0,-0.295122833854,0.955459320399
1583762890278312575,707,1583762890208664211,vo,1.21820022733,0.541532675013,0.0,0.0,0.0,-0.285135296571,0.958487278293
1583762890376641926,708,1583762890308877082,vo,1.21804114286,0.541476960414,0.0,0.0,0.0,-0.274448756356,0.961601726358
1583762890477249351,709,1583762890409185630,vo,1.21804087902,0.539603794414,0.0,0.0,0.0,-0.26367305117,0.964612109652
1583762890577513983,710,1583762890509617380,vo,1.21757924764,0.52532241887,0.0,0.0,0.0,-0.253260432661,0.967398135851
1583762890680160067,711,1583762890609695304,vo,1.21734865241,0.514865638893,0.0,0.0,0.0,-0.242447184917,0.970164605892
1583762890777658588,712,1583762890709951019,vo,1.2184676841,0.501081807264,0.0,0.0,0.0,-0.23240566971,0.972618941151
1583762890887346830,713,1583762890810180926,vo,1.22084291975,0.478027672134,0.0,0.0,0.0,-0.221799475915,0.975092299469
1583762890977775031,714,1583762890910387473,vo,1.22229216899,0.462099877899,0.0,0.0,0.0,-0.210860736096,0.977516112385
1583762891079289500,715,1583762891010604245,vo,1.22299489939,0.437599575433,0.0,0.0,0.0,-0.200568647017,0.979679650617
1583762891178933590,716,1583762891110795602,vo,1.22549865873,0.424472768373,0.0,0.0,0.0,-0.190616601254,0.981664561511
1583762891279050147,717,1583762891210959130,vo,1.22730286109,0.412038747039,0.0,0.0,0.0,-0.179033700241,0.983842941825
1583762891381517690,718,1583762891311293999,vo,1.22748418291,0.408850928589,0.0,0.0,0.0,-0.168499827821,0.985701683079
1583762891484825609,719,1583762891411430233,vo,1.22694940589,0.41419969767,0.0,0.0,0.0,-0.158146248503,0.987415699736
1583762891580882127,720,1583762891511650626,vo,1.22568792365,0.415844078636,0.0,0.0,0.0,-0.146809013158,0.989164856662
1583762891680754083,721,1583762891611766993,vo,1.22581830843,0.413263050429,0.0,0.0,0.0,-0.136528569127,0.990636133912
1583762891780753427,722,1583762891712030748,vo,1.22560764988,0.411703381724,0.0,0.0,0.0,-0.125415612276,0.992104290988
1583762891883289299,723,1583762891812285979,vo,1.22623966931,0.405944201309,0.0,0.0,0.0,-0.115041280198,0.993360711852
1583762891989251803,724,1583762891912461577,vo,1.22506650786,0.40131827805,0.0,0.0,0.0,-0.104131085775,0.994563581163
1583762892081195027,725,1583762892012691542,vo,1.22381660833,0.392934910924,0.0,0.0,0.0,-0.0937293700634,0.995597712526
1583762892180799368,726,1583762892113256863,vo,1.22358143218,0.379512232498,0.0,0.0,0.0,-0.0827146817419,0.996573269471
1583762892282474393,727,1583762892213622430,vo,1.2247497456,0.356029958835,0.0,0.0,0.0,-0.0713443276444,0.997451746659
1583762892380454519,728,1583762892313882150,vo,1.22476433719,0.332958293497,0.0,0.0,0.0,-0.0605888829794,0.998162805989
1583762892484443414,729,1583762892414034094,vo,1.22588405723,0.305032844507,0.0,0.0,0.0,-0.049523085171,0.998772979228
1583762892582413718,730,1583762892514056426,vo,1.22538391746,0.287927718609,0.0,0.0,0.0,-0.0380693927956,0.999275097925
1583762892683118394,731,1583762892614399882,vo,1.22652683887,0.271910153001,0.0,0.0,0.0,-0.0291121124217,0.999576152632
1583762892783496397,732,1583762892714513067,vo,1.22724723849,0.260371374182,0.0,0.0,0.0,-0.0254137374782,0.999677018815
1583762892885137926,733,1583762892814724130,vo,1.2268849965,0.262337058955,0.0,0.0,0.0,-0.0238393044554,0.999715803398
1583762892982682365,734,1583762892914892911,vo,1.22655494629,0.261655083303,0.0,0.0,0.0,-0.0233753539782,0.999726759083
1583762893084128041,735,1583762893014954320,vo,1.22649284549,0.261759584311,0.0,0.0,0.0,-0.0229214892281,0.999737268152
1583762893182686327,736,1583762893115271435,vo,1.22740578498,0.264084222615,0.0,0.0,0.0,-0.0226262008491,0.999743994748
1583762893285114914,737,1583762893215496201,vo,1.22723577256,0.265127764022,0.0,0.0,0.0,-0.022279089461,0.999751790282
1583762893383765630,738,1583762893315762362,vo,1.22767572355,0.264642311426,0.0,0.0,0.0,-0.0220994818001,0.99975577663
1583762893482733216,739,1583762893415895996,vo,1.2269673897,0.267227086721,0.0,0.0,0.0,-0.0222301366263,0.999752879979
1583762893583704247,740,1583762893516039282,vo,1.22713338762,0.27380731501,0.0,0.0,0.0,-0.0216485745818,0.999765642147
1583762893686840590,741,1583762893616236850,vo,1.22651502388,0.271909144633,0.0,0.0,0.0,-0.0221744039698,0.999754117675
1583762893782741647,742,1583762893716208491,vo,1.2264359798,0.273085964634,0.0,0.0,0.0,-0.0221062794804,0.999755626345
1583762893882773300,743,1583762893816370358,vo,1.22673637991,0.272485483388,0.0,0.0,0.0,-0.0218993852242,0.999760179707
1583762894037972031,744,1583762893916463291,vo,1.22653225067,0.281305995983,0.0,0.0,0.0,-0.0217066607377,0.999764382682
1583762894084059117,745,1583762894016565815,vo,1.22658425535,0.280806738368,0.0,0.0,0.0,-0.0216354667109,0.999765925895
1583762894182840403,746,1583762894116806831,vo,1.22597858434,0.282030374628,0.0,0.0,0.0,-0.0218399429008,0.999761480001
1583762894283942443,747,1583762894217050881,vo,1.22606139,0.28392023957,0.0,0.0,0.0,-0.0223003365548,0.999751316573
1583762894385101724,748,1583762894317412507,vo,1.2259679298,0.282609344926,0.0,0.0,0.0,-0.0220223867671,0.999757477832
1583762894485189873,749,1583762894417683329,vo,1.22572695734,0.284976945874,0.0,0.0,0.0,-0.0224334892788,0.999748337612
1583762894585020479,750,1583762894518013908,vo,1.22605470132,0.281732332036,0.0,0.0,0.0,-0.0221744795943,0.999754115998
1583762894686193603,751,1583762894618319894,vo,1.22631808716,0.28278698249,0.0,0.0,0.0,-0.0223188823736,0.99975090272
1583762894785700089,752,1583762894718563775,vo,1.22545981509,0.285286589218,0.0,0.0,0.0,-0.0226510376377,0.999743432333
1583762894886728064,753,1583762894818861630,vo,1.22537451824,0.283338546757,0.0,0.0,0.0,-0.0221220920515,0.999755276577
1583762894985585973,754,1583762894919090748,vo,1.22633051404,0.281645064995,0.0,0.0,0.0,-0.0219730400937,0.999758563609
1583762895088059347,755,1583762895019362160,vo,1.22567603199,0.283929869975,0.0,0.0,0.0,-0.0220613566981,0.999756618653
1583762895185998913,756,1583762895119621717,vo,1.22610671999,0.281559411517,0.0,0.0,0.0,-0.0221552812805,0.999754541631
1583762895288651729,757,1583762895219595456,vo,1.22531455937,0.285369101677,0.0,0.0,0.0,-0.0223219684854,0.99975083382
1583762895385522529,758,1583762895319701609,vo,1.22522924112,0.283012508799,0.0,0.0,0.0,-0.0223870945407,0.999749377593
1583762895486639747,759,1583762895420065720,vo,1.22547281552,0.282768481482,0.0,0.0,0.0,-0.0222119531993,0.999753284133
1583762895586894925,760,1583762895520151669,vo,1.22528770564,0.284349853733,0.0,0.0,0.0,-0.0224503743306,0.999747958584
1583762895687880189,761,1583762895620449762,vo,1.22533444321,0.282599676732,0.0,0.0,0.0,-0.0220342621322,0.999757216174
1583762895787046603,762,1583762895720662087,vo,1.22334532542,0.272687921337,0.0,0.0,0.0,-0.0196810960228,0.999806308471
1583762895890110576,763,1583762895820803241,vo,1.2186184165,0.275801341866,0.0,0.0,0.0,-0.0186057583545,0.999826897896
1583762895988112625,764,1583762895921180433,vo,1.21260541386,0.273445768351,0.0,0.0,0.0,-0.0160632234118,0.999870978103
1583762896089909553,765,1583762896021443381,vo,1.20459963962,0.267306752867,0.0,0.0,0.0,-0.0133638960087,0.999910699154
1583762896189741742,766,1583762896121887843,vo,1.19633484662,0.25911172805,0.0,0.0,0.0,-0.00812306059673,0.999967007399
1583762896290992013,767,1583762896221991605,vo,1.18649305481,0.244229596137,0.0,0.0,0.0,-0.00157323151514,0.999998762471
1583762896389007938,768,1583762896322215300,vo,1.17359502567,0.232240793187,0.0,0.0,0.0,0.000749695225204,0.999999718978
1583762896491470412,769,1583762896422640298,vo,1.15601638594,0.242716348903,0.0,0.0,0.0,0.00119668880244,0.999999283968
1583762896589099622,770,1583762896522841470,vo,1.13757871072,0.250239976194,0.0,0.0,0.0,0.000582199234378,0.999999830522
1583762896691866019,771,1583762896623187666,vo,1.11686570954,0.252957290466,0.0,0.0,0.0,0.00170160993282,0.999998552261
1583762896792226142,772,1583762896723620076,vo,1.09619346762,0.258301345642,0.0,0.0,0.0,0.00105015163857,0.999999448591
1583762896892520649,773,1583762896823562640,vo,1.07462898416,0.25540914361,0.0,0.0,0.0,0.000534792518662,0.999999856998
1583762896989457784,774,1583762896923875936,vo,1.05338818142,0.253984753686,0.0,0.0,0.0,5.94673806995e-05,0.999999998232
1583762897096920572,775,1583762897024042976,vo,1.0326937808,0.249513153711,0.0,0.0,0.0,-6.68819956508e-05,0.999999997763
1583762897190040601,776,1583762897124260078,vo,1.01155579943,0.245780209739,0.0,0.0,0.0,0.000114725322638,0.999999993419
1583762897294939485,777,1583762897224580762,vo,0.991199725945,0.24686509308,0.0,0.0,0.0,-4.87627701398e-06,0.999999999988
1583762897391083704,778,1583762897324584091,vo,0.970335178719,0.235875146308,0.0,0.0,0.0,0.000283470780225,0.999999959822
1583762897493579704,779,1583762897424759307,vo,0.949731822011,0.239121397554,0.0,0.0,0.0,0.000307405997315,0.999999952751
1583762897590213559,780,1583762897524508790,vo,0.928030926173,0.245369692949,0.0,0.0,0.0,0.000393168385177,0.999999922709
1583762897692740620,781,1583762897624465384,vo,0.907744892267,0.240971687383,0.0,0.0,0.0,0.000315320724919,0.999999950286
1583762897792896806,782,1583762897724566126,vo,0.886709960542,0.241917316696,0.0,0.0,0.0,0.000194186812029,0.999999981146
1583762897914688451,783,1583762897824457377,vo,0.866055796973,0.23864515122,0.0,0.0,0.0,0.000275191387275,0.999999962135
1583762897997487977,784,1583762897924549816,vo,0.845207889211,0.235800989669,0.0,0.0,0.0,0.000529999568425,0.99999985955
1583762898099224861,785,1583762898024615254,vo,0.824007469325,0.231523763197,0.0,0.0,0.0,0.000805695097027,0.999999675428
1583762898209097423,786,1583762898124596753,vo,0.803656964895,0.230228401877,0.0,0.0,0.0,0.00106723779027,0.999999430502
1583762898312227585,787,1583762898224787129,vo,0.781179065788,0.232164405858,0.0,0.0,0.0,0.00109715025031,0.99999939813
1583762898392436575,788,1583762898324769579,vo,0.760392165182,0.23293977978,0.0,0.0,0.0,0.00140282104151,0.999999016046
1583762898509922456,789,1583762898424990905,vo,0.737639227709,0.234868368446,0.0,0.0,0.0,0.00106337993545,0.999999434611
1583762898613865661,790,1583762898525071343,vo,0.716937831697,0.236134206105,0.0,0.0,0.0,0.00134950150481,0.999999089422
1583762898696880918,791,1583762898625157608,vo,0.695819872681,0.222753659871,0.0,0.0,0.0,0.000742309974796,0.999999724488
1583762898791291635,792,1583762898725334829,vo,0.675708319461,0.225141439616,0.0,0.0,0.0,0.000744348438909,0.999999722973
1583762898893536817,793,1583762898825349241,vo,0.658434494808,0.229211299665,0.0,0.0,0.0,-0.000375059983202,0.999999929665
1583762898991667740,794,1583762898925749104,vo,0.64471386835,0.217906530369,0.0,0.0,0.0,-0.00142020974809,0.999998991502
1583762899096343655,795,1583762899025704602,vo,0.63405054553,0.220475353432,0.0,0.0,0.0,-0.00265421412876,0.999996477567
1583762899191894609,796,1583762899125876007,vo,0.627035602182,0.218622972061,0.0,0.0,0.0,-0.00312318877287,0.999995122834
1583762899408085134,797,1583762899226243035,vo,0.622085515187,0.224807128401,0.0,0.0,0.0,-0.0037259870591,0.999993058486
1583762899424579535,798,1583762899326331688,vo,0.619294149138,0.218346046084,0.0,0.0,0.0,-0.00437441833113,0.999990432186
1583762899579130505,799,1583762899426493402,vo,0.619630902902,0.222664435622,0.0,0.0,0.0,-0.00442843335909,0.999990194441
1583762899595785337,800,1583762899526646801,vo,0.619469464332,0.223837812355,0.0,0.0,0.0,-0.00445428426592,0.999990079627
1583762899758908105,801,1583762899626737749,vo,0.619489086114,0.222716472267,0.0,0.0,0.0,-0.00407349483211,0.999991703286
1583762899794426440,802,1583762899726863428,vo,0.619590309513,0.21838881537,0.0,0.0,0.0,-0.00425462417677,0.999990949046
1583762899998202555,803,1583762899826885443,vo,0.619534344551,0.221425128438,0.0,0.0,0.0,-0.00414005779316,0.999991429924
1583762900008421730,804,1583762899927245914,vo,0.619540044547,0.220250427624,0.0,0.0,0.0,-0.00374034480451,0.999993004886
1583762900233384926,805,1583762900027414567,vo,0.619032766906,0.22090972541,0.0,0.0,0.0,-0.00411806014972,0.999991520754
1583762900250619327,806,1583762900127609839,vo,0.619520362138,0.221401388544,0.0,0.0,0.0,-0.00417639972586,0.999991278805
1583762900460401020,807,1583762900227758285,vo,0.619815791758,0.216567208569,0.0,0.0,0.0,-0.0037109691235,0.99999311433
1583762900468109976,808,1583762900328012329,vo,0.618783060475,0.227540846603,0.0,0.0,0.0,-0.00422021320806,0.999991094861
1583762900496201719,809,1583762900428247339,vo,0.619282911791,0.218956297308,0.0,0.0,0.0,-0.00357584265898,0.999993606654
1583762900699608592,810,1583762900528454105,vo,0.619158839283,0.22324268844,0.0,0.0,0.0,-0.00411208859833,0.999991545328
1583762900710571755,811,1583762900628741165,vo,0.61818845781,0.221004564174,0.0,0.0,0.0,-0.00397449029555,0.999992101682
1583762900923466153,812,1583762900729105824,vo,0.618514833038,0.221527158471,0.0,0.0,0.0,-0.00397269356351,0.999992108822
1583762900946735948,813,1583762900829437317,vo,0.61822513249,0.219888817276,0.0,0.0,0.0,-0.00404026512666,0.999991838096
1583762901157397250,814,1583762900929616119,vo,0.618472084775,0.216762570007,0.0,0.0,0.0,-0.00413084948855,0.999991468005
1583762901167779336,815,1583762901030048611,vo,0.617416511798,0.224062084832,0.0,0.0,0.0,-0.00451919281593,0.999989788396
1583762901195968816,816,1583762901130130616,vo,0.617853702679,0.221852897038,0.0,0.0,0.0,-0.00422902696543,0.999991057625
1583762901387489183,817,1583762901230484363,vo,0.617974319625,0.220097063661,0.0,0.0,0.0,-0.00423770544903,0.999991020886
1583762901399655543,818,1583762901330631535,vo,0.618102058309,0.220435124255,0.0,0.0,0.0,-0.00408398704477,0.99999166049
1583762901616768281,819,1583762901430902911,vo,0.618479373373,0.218298782311,0.0,0.0,0.0,-0.00385609308985,0.999992565245
1583762901624993252,820,1583762901531170847,vo,0.618231130696,0.223158068038,0.0,0.0,0.0,-0.0042081031367,0.999991145895
1583762901846372601,821,1583762901631300247,vo,0.618980102454,0.219119573518,0.0,0.0,0.0,-0.00379783102168,0.999992788214
1583762901852781710,822,1583762901731646372,vo,0.617924392006,0.219148317026,0.0,0.0,0.0,-0.00407218626522,0.999991708615
1583762902084668803,823,1583762901831978483,vo,0.617009314302,0.220849828324,0.0,0.0,0.0,-0.00417443217451,0.99999128702
1583762902092393856,824,1583762901932281963,vo,0.617222429206,0.219201130676,0.0,0.0,0.0,-0.0039413846065,0.999992232714
1583762902101677695,825,1583762902032575905,vo,0.61766652882,0.213583039103,0.0,0.0,0.0,-0.00419514257564,0.999991200351
1583762902314441095,826,1583762902132899904,vo,0.618004432824,0.211427153327,0.0,0.0,0.0,-0.00413330591617,0.999991457855
1583762902323737622,827,1583762902233192506,vo,0.617776605319,0.219005175108,0.0,0.0,0.0,-0.00388794505391,0.999992441913
1583762902802454832,828,1583762902634648720,vo,0.617100086296,0.220390580697,0.0,0.0,0.0,-0.00439026872523,0.999990362724
1583762903020215734,829,1583762902835296214,vo,0.616697407675,0.220771119245,0.0,0.0,0.0,-0.00440057620602,0.999990317418
1583762903029157282,830,1583762902935358203,vo,0.616636986091,0.221078750445,0.0,0.0,0.0,-0.00403761750458,0.999991848789
1583762903569646435,831,1583762903035574979,vo,0.6164701924,0.223908354858,0.0,0.0,0.0,-0.00430971146884,0.99999071315
1583762903571956393,832,1583762903336365918,vo,0.617106927905,0.223981071456,0.0,0.0,0.0,-0.00433343982592,0.999990610606
1583762903728664025,833,1583762903436711006,vo,0.617116104963,0.226131307162,0.0,0.0,0.0,-0.00379946653211,0.999992782001
1583762903729583201,834,1583762903536945591,vo,0.616692782177,0.227179274492,0.0,0.0,0.0,-0.00409289579349,0.999991624067
1583762903739553114,835,1583762903637311023,vo,0.616656637958,0.219790052789,0.0,0.0,0.0,-0.00399127344009,0.999992034836
1583762903965992304,836,1583762903737382938,vo,0.616893538259,0.221436298623,0.0,0.0,0.0,-0.00422856923222,0.999991059561
1583762903975686182,837,1583762903837528296,vo,0.61642644802,0.226014387459,0.0,0.0,0.0,-0.00426800114304,0.999990892042
1583762904008497937,838,1583762903937800419,vo,0.616897217705,0.219227070771,0.0,0.0,0.0,-0.00394530176643,0.999992217267
1583762904198873968,839,1583762904037921227,vo,0.616446301658,0.213817469137,0.0,0.0,0.0,-0.0043128020186,0.999990699826
1583762904212666673,840,1583762904138209465,vo,0.61661414989,0.216685980194,0.0,0.0,0.0,-0.0043403980703,0.999990580428
1583762904425086197,841,1583762904238472673,vo,0.617168732982,0.215766024586,0.0,0.0,0.0,-0.00425133197652,0.999990963047
1583762904438822262,842,1583762904338739765,vo,0.61675232262,0.215080842535,0.0,0.0,0.0,-0.00425607604833,0.999990942867
1583762904508284141,843,1583762904438913777,vo,0.617049089586,0.211114822901,0.0,0.0,0.0,-0.00428006055788,0.999990840499
1583762904607016877,844,1583762904539013798,vo,0.616636438126,0.22097928192,0.0,0.0,0.0,-0.00414187174579,0.999991422412
1583762904707903116,845,1583762904639510283,vo,0.616494397054,0.222268634243,0.0,0.0,0.0,-0.00448070901914,0.999989961573
1583762904806585094,846,1583762904739458028,vo,0.617104792388,0.22577571499,0.0,0.0,0.0,-0.00442939524356,0.999990190181
1583762904907021043,847,1583762904839761619,vo,0.617792318722,0.222401992557,0.0,0.0,0.0,-0.00385693615495,0.999992561994
1583762905007114888,848,1583762904939756891,vo,0.617647187191,0.218613983776,0.0,0.0,0.0,-0.00403674939853,0.999991852294
1583762905106699465,849,1583762905039991126,vo,0.617267247347,0.226278902327,0.0,0.0,0.0,-0.00435786097725,0.999990504479
1583762905206258152,850,1583762905140146056,vo,0.617072267206,0.22725769067,0.0,0.0,0.0,-0.00422535941622,0.999991073129
1583762905307267487,851,1583762905240388072,vo,0.616627947468,0.221000463142,0.0,0.0,0.0,-0.00398470148017,0.999992061046
1583762905406694825,852,1583762905340531614,vo,0.617364120467,0.221299346428,0.0,0.0,0.0,-0.00407938694489,0.999991679266
1583762905507926114,853,1583762905440745362,vo,0.617993671945,0.216737151928,0.0,0.0,0.0,-0.004073164585,0.999991704631
1583762905608999352,854,1583762905541031666,vo,0.617936331679,0.223746531054,0.0,0.0,0.0,-0.00385844163337,0.999992556186
1583762905711455802,855,1583762905641405227,vo,0.61626981847,0.223646525102,0.0,0.0,0.0,-0.00442059641612,0.999990229116
1583762905809286361,856,1583762905741747759,vo,0.616591830604,0.219801854786,0.0,0.0,0.0,-0.00437482709948,0.999990430398
1583762905907877303,857,1583762905841768202,vo,0.616870050507,0.218186457788,0.0,0.0,0.0,-0.00422340227448,0.999991081397
1583762906011027489,858,1583762905942307956,vo,0.617193763298,0.225534255119,0.0,0.0,0.0,-0.00430538081446,0.999990731805
1583762906108502994,859,1583762906042435600,vo,0.616994353471,0.223879258448,0.0,0.0,0.0,-0.00418251672439,0.999991253239
1583762906209603233,860,1583762906142706862,vo,0.617426913471,0.223219184697,0.0,0.0,0.0,-0.0035391922087,0.99999373704
1583762906311668599,861,1583762906242893774,vo,0.616686747859,0.220535058996,0.0,0.0,0.0,-0.00410092123008,0.999991591187
1583762906414924944,862,1583762906343375711,vo,0.616891949209,0.217723126109,0.0,0.0,0.0,-0.00433103862893,0.999990621008
1583762906509504604,863,1583762906443443536,vo,0.617712896777,0.220036266834,0.0,0.0,0.0,-0.00437721314675,0.999990419957
1583762906618967651,864,1583762906543670208,vo,0.617627238398,0.220429668812,0.0,0.0,0.0,-0.00401617568337,0.999991935134
1583762906713073559,865,1583762906643952537,vo,0.617637196244,0.217810796294,0.0,0.0,0.0,-0.00393851276222,0.999992244029
1583762906822352996,866,1583762906744184000,vo,0.617228351699,0.217905517549,0.0,0.0,0.0,-0.00457865889825,0.999989517886
1583762906911181341,867,1583762906844297181,vo,0.617722013405,0.2220270784,0.0,0.0,0.0,-0.00420383395677,0.999991163851
1583762907010726074,868,1583762906944790539,vo,0.617442250975,0.221738936759,0.0,0.0,0.0,-0.00401900885583,0.999991923751
1583762907111540310,869,1583762907044970670,vo,0.61759216946,0.221781996469,0.0,0.0,0.0,-0.00421718694383,0.999991107628
1583762907213816182,870,1583762907145110913,vo,0.617815757837,0.220219605075,0.0,0.0,0.0,-0.00397207638194,0.999992111273
1583762907314670057,871,1583762907245360118,vo,0.618483059177,0.218185270808,0.0,0.0,0.0,-0.00411104864226,0.999991549604
1583762907416084688,872,1583762907345465370,vo,0.618131012785,0.221148922424,0.0,0.0,0.0,-0.00411355793502,0.999991539285
1583762907511164351,873,1583762907445897348,vo,0.618417322945,0.221298785919,0.0,0.0,0.0,-0.00414348618738,0.999991415724
1583762907613095439,874,1583762907546162552,vo,0.61812610317,0.22077834989,0.0,0.0,0.0,-0.00411487399739,0.99999153387
1583762907712007706,875,1583762907646208616,vo,0.618361687602,0.218297980318,0.0,0.0,0.0,-0.00407452409339,0.999991699092
1583762907814061442,876,1583762907746471290,vo,0.61799925277,0.218550377943,0.0,0.0,0.0,-0.00426045563492,0.999990924218
1583762907914545690,877,1583762907846587480,vo,0.617601652389,0.213885328037,0.0,0.0,0.0,-0.00391213358586,0.999992347576
1583762908015298920,878,1583762907946710101,vo,0.615544658742,0.21792476328,0.0,0.0,0.0,-0.00217072661077,0.99999764397
1583762908113226425,879,1583762908047173150,vo,0.610268924938,0.216957205629,0.0,0.0,0.0,-0.00181764916063,0.999998348074
1583762908214653935,880,1583762908147364359,vo,0.603288454174,0.215139871876,0.0,0.0,0.0,-0.00211722716135,0.999997758672
1583762908314765695,881,1583762908247547967,vo,0.596071754666,0.216246354678,0.0,0.0,0.0,-0.00103571104688,0.999999463651
1583762908417720431,882,1583762908347468376,vo,0.584893341943,0.210904337411,0.0,0.0,0.0,-0.000234966181949,0.999999972395
1583762908514420095,883,1583762908447654724,vo,0.571235310177,0.205825053938,0.0,0.0,0.0,3.08761510108e-05,0.999999999523
1583762908615999195,884,1583762908547859435,vo,0.555350607931,0.204483434738,0.0,0.0,0.0,0.000342666237579,0.99999994129
1583762908714397309,885,1583762908647954934,vo,0.538828324355,0.202571026112,0.0,0.0,0.0,0.000915649366172,0.999999580793
1583762908818964144,886,1583762908748466481,vo,0.52006821402,0.202600688905,0.0,0.0,0.0,0.00150078358253,0.999998873824
1583762908914540109,887,1583762908848505090,vo,0.498681135905,0.202581369611,0.0,0.0,0.0,0.00118206271503,0.999999301364
1583762909016181421,888,1583762908948717186,vo,0.47868096215,0.199605579756,0.0,0.0,0.0,0.00171217931664,0.99999853422
1583762909114642045,889,1583762909049040348,vo,0.458083504883,0.202322177163,0.0,0.0,0.0,0.00113718525273,0.999999353405
1583762909217216977,890,1583762909149275983,vo,0.439334913044,0.197446995368,0.0,0.0,0.0,0.00155582140744,0.999998789709
1583762909315613206,891,1583762909249627974,vo,0.419366781012,0.195968881585,0.0,0.0,0.0,0.0017232348705,0.99999851523
1583762909416844967,892,1583762909349774587,vo,0.398099199538,0.196384585113,0.0,0.0,0.0,0.00162889168033,0.999998673355
1583762909516213583,893,1583762909449975410,vo,0.377063096349,0.198362234448,0.0,0.0,0.0,0.00154409450409,0.999998807885
1583762909617874281,894,1583762909550163402,vo,0.356502212059,0.193040260244,0.0,0.0,0.0,0.00199192009376,0.999998016125
1583762909716831141,895,1583762909650531438,vo,0.335483537894,0.193046669616,0.0,0.0,0.0,0.00211592178931,0.999997761435
1583762909819510191,896,1583762909750639845,vo,0.315565323975,0.19434896219,0.0,0.0,0.0,0.00231298490886,0.999997325047
1583762909915482657,897,1583762909850642036,vo,0.293119648603,0.196336194359,0.0,0.0,0.0,0.00161592634866,0.99999869439
1583762910023711921,898,1583762909950835689,vo,0.273186527336,0.196031667027,0.0,0.0,0.0,0.00188836743146,0.999998217033
1583762910116406708,899,1583762910051095693,vo,0.252521815668,0.191555687049,0.0,0.0,0.0,0.00153189627791,0.999998826646
1583762910219345447,900,1583762910151260059,vo,0.231951684837,0.193142380859,0.0,0.0,0.0,0.00147659184641,0.999998909838
1583762910326054186,901,1583762910251433021,vo,0.211352361079,0.190700468607,0.0,0.0,0.0,0.00195686366716,0.99999808534
1583762910419502111,902,1583762910351642390,vo,0.1908921986,0.189776005217,0.0,0.0,0.0,0.00138767041072,0.999999037185
1583762910517951774,903,1583762910451712783,vo,0.170463885887,0.189172672,0.0,0.0,0.0,0.00174728773981,0.999998473492
1583762910620305254,904,1583762910552096959,vo,0.149502243925,0.190398808963,0.0,0.0,0.0,0.00228803997805,0.999997382433
1583762910724528038,905,1583762910652533955,vo,0.129349503938,0.188197138544,0.0,0.0,0.0,0.00199641160333,0.999998007168
1583762910819535691,906,1583762910752595950,vo,0.109100271973,0.185393725593,0.0,0.0,0.0,0.00285953579621,0.999995911519
1583762910918006969,907,1583762910852519501,vo,0.088463771945,0.186186539337,0.0,0.0,0.0,0.00266390946455,0.999996451787
1583762911021404477,908,1583762910952609730,vo,0.0697837994619,0.180102695603,0.0,0.0,0.0,0.00274634712815,0.999996228782
1583762911118866443,909,1583762911053158587,vo,0.0537868668179,0.179684063441,0.0,0.0,0.0,0.00375411822543,0.999992953273
1583762911231390017,910,1583762911153311466,vo,0.0390648910028,0.176515793828,0.0,0.0,0.0,0.00777905964147,0.999969742658
1583762911324927513,911,1583762911253539136,vo,0.0278663856609,0.178362394771,0.0,0.0,0.0,0.0112354388726,0.999936880465
1583762911436202732,912,1583762911353766843,vo,0.0211799358534,0.178515854322,0.0,0.0,0.0,0.0108457689339,0.999941182918
1583762911521070435,913,1583762911453668051,vo,0.0166022511615,0.182165066844,0.0,0.0,0.0,0.00826381762563,0.999965854076
1583762911624990842,914,1583762911553737693,vo,0.0154943729845,0.184288894223,0.0,0.0,0.0,0.00544437818505,0.999985179263
1583762911726556488,915,1583762911654071158,vo,0.0155530701111,0.177032492056,0.0,0.0,0.0,0.00503687263656,0.999987314877
1583762911823307802,916,1583762911754285419,vo,0.0158637764413,0.170888086306,0.0,0.0,0.0,0.00561643217915,0.99998422772
1583762911920918494,917,1583762911854565813,vo,0.0155567225783,0.169230506954,0.0,0.0,0.0,0.00552595046411,0.999984731819
1583762912023619114,918,1583762911954726614,vo,0.0149508331212,0.171425148051,0.0,0.0,0.0,0.0055886265459,0.999984383505
1583762912126609874,919,1583762912054939824,vo,0.0146612235683,0.17266883803,0.0,0.0,0.0,0.00537396518162,0.999985560145
1583762912224076553,920,1583762912155173659,vo,0.0149556159862,0.175152432334,0.0,0.0,0.0,0.00523415596689,0.999986301712
1583762912321289348,921,1583762912255317239,vo,0.0148256508426,0.173962050919,0.0,0.0,0.0,0.0056440686974,0.999984072117
1583762912422906413,922,1583762912355731232,vo,0.0141089986982,0.175873116589,0.0,0.0,0.0,0.00513699731876,0.999986805542
1583762912522120956,923,1583762912456006038,vo,0.0146004518357,0.1834132689,0.0,0.0,0.0,0.00556896074855,0.999984493218
1583762912623266936,924,1583762912556295612,vo,0.0145211065673,0.183419683785,0.0,0.0,0.0,0.00587183676065,0.999982760618
1583762912726776414,925,1583762912656459612,vo,0.0138512632014,0.175067384951,0.0,0.0,0.0,0.00558441582937,0.999984407028
1583762912824947283,926,1583762912756747177,vo,0.0143269849891,0.169660580767,0.0,0.0,0.0,0.00546420955651,0.999985071096
1583762912922896212,927,1583762912856954590,vo,0.0139319268785,0.176867720475,0.0,0.0,0.0,0.00541302733293,0.99998534946
1583762913025287005,928,1583762912957049239,vo,0.0139774313377,0.176640593413,0.0,0.0,0.0,0.00527389727741,0.999986092907
1583762913123084997,929,1583762913057480970,vo,0.01376770996,0.176903323669,0.0,0.0,0.0,0.00547979336478,0.99998498582
1583762913226205946,930,1583762913157744164,vo,0.0135520060709,0.184912532242,0.0,0.0,0.0,0.00576187455553,0.999983400263
1583762913324071144,931,1583762913257884037,vo,0.0130343483542,0.189494953144,0.0,0.0,0.0,0.00552188559246,0.999984754274
1583762913425745369,932,1583762913358251842,vo,0.0132781994779,0.180197802207,0.0,0.0,0.0,0.00588411936589,0.99998268842
1583762913524425021,933,1583762913458513267,vo,0.0136094673998,0.178531326963,0.0,0.0,0.0,0.00604826082685,0.999981709103
1583762913628389775,934,1583762913558739856,vo,0.0124618529144,0.189129731791,0.0,0.0,0.0,0.00540694421288,0.99998538237
1583762913724983964,935,1583762913658894532,vo,0.0123582226315,0.183232551045,0.0,0.0,0.0,0.00552250552792,0.99998475085
1583762913834286829,936,1583762913758931825,vo,0.01249634444,0.181156109555,0.0,0.0,0.0,0.0058740788239,0.99998274745
1583762913925073661,937,1583762913859245080,vo,0.0125899687846,0.18193081706,0.0,0.0,0.0,0.00573079087598,0.999983578883
1583762914025739776,938,1583762913959375774,vo,0.0121691100486,0.184011992448,0.0,0.0,0.0,0.00567798807478,0.999983880096
1583762914125475620,939,1583762914059597456,vo,0.0122817223718,0.180727839435,0.0,0.0,0.0,0.00584160314979,0.999982937691
1583762914227636622,940,1583762914159790341,vo,0.012429637916,0.183049281672,0.0,0.0,0.0,0.00580834608076,0.999983131416
1583762914326201788,941,1583762914259804307,vo,0.011668593358,0.172867915373,0.0,0.0,0.0,0.00511823773287,0.999986901735
1583762914428393245,942,1583762914360030500,vo,0.0118835652716,0.175561266803,0.0,0.0,0.0,0.00543702023649,0.999985219296
1583762914525955457,943,1583762914460229886,vo,0.0124630263251,0.175785892332,0.0,0.0,0.0,0.00532633434152,0.999985814981
1583762914629453768,944,1583762914560614473,vo,0.0117766141212,0.183605689836,0.0,0.0,0.0,0.00565564056544,0.999984006737
1583762914726364319,945,1583762914660704857,vo,0.0111990057581,0.186204307836,0.0,0.0,0.0,0.00572346535251,0.999983620838
1583762914828458524,946,1583762914761093748,vo,0.0114086878698,0.182976600051,0.0,0.0,0.0,0.00556839276237,0.999984496381
1583762914926911554,947,1583762914861026460,vo,0.0116427304341,0.180466064344,0.0,0.0,0.0,0.00577929619397,0.999983299728
1583762915028896183,948,1583762914961442054,vo,0.0114257766198,0.18033336664,0.0,0.0,0.0,0.00596442215001,0.999982212676
1583762915129046819,949,1583762915061654188,vo,0.0111896836032,0.183648947276,0.0,0.0,0.0,0.0058698795145,0.999982772109
1583762915229439815,950,1583762915162062283,vo,0.011261519178,0.184111936921,0.0,0.0,0.0,0.00552610242854,0.999984730979
1583762915333064862,951,1583762915262246913,vo,0.0114142635219,0.183422857073,0.0,0.0,0.0,0.00555097892612,0.999984593198
1583762915453985156,952,1583762915362779593,vo,0.0119737474325,0.18130782816,0.0,0.0,0.0,0.00563943619062,0.999984098253
1583762915529385587,953,1583762915462768503,vo,0.0106293466937,0.172064149658,0.0,0.0,0.0,0.00524564279176,0.999986241521
1583762915631988048,954,1583762915563178568,vo,0.0109736147361,0.173807044556,0.0,0.0,0.0,0.00528697985194,0.999986023824
1583762915729115119,955,1583762915663573189,vo,0.0107137831304,0.176481432398,0.0,0.0,0.0,0.00537409599284,0.999985559442
1583762915831983525,956,1583762915763828719,vo,0.0104511340973,0.173894262646,0.0,0.0,0.0,0.00514914665239,0.999986743057
1583762915957176047,957,1583762915864076615,vo,0.0110270330253,0.179344474624,0.0,0.0,0.0,0.00548210168279,0.999984973168
1583762916036972573,958,1583762915964414501,vo,0.0106721315829,0.183591951535,0.0,0.0,0.0,0.00592660488599,0.999982437523
1583762916135519329,959,1583762916064532876,vo,0.0107334722366,0.182636963669,0.0,0.0,0.0,0.00590809381276,0.999982547061
1583762916232404385,960,1583762916164819572,vo,0.0113520042735,0.185601513766,0.0,0.0,0.0,0.0058375727121,0.999982961227
