%time,field.header.seq,field.header.stamp,field.header.frame_id,field.name0,field.name1,field.position0,field.position1,field.velocity0,field.velocity1,field.effort0,field.effort1
1583762851049663887,287,1583762846941851335,,chassis_to_left_wheel,chassis_to_right_wheel,0.0277930026,0.0247104396,0.0,0.0,0.0,0.0
1583762851049735880,288,1583762847041868754,,chassis_to_left_wheel,chassis_to_right_wheel,0.07950976704,0.07403221584,0.0,0.0,0.0,0.0
1583762851049775389,289,1583762847141892813,,chassis_to_left_wheel,chassis_to_right_wheel,0.161742099816,0.153664440336,0.0,0.0,0.0,0.0
1583762851049828139,290,1583762847241850218,,chassis_to_left_wheel,chassis_to_right_wheel,0.276442989926,0.265231833134,0.0,0.0,0.0,0.0
1583762851050026214,291,1583762847341906721,,chassis_to_left_wheel,chassis_to_right_wheel,0.423519759971,0.409317061254,0.0,0.0,0.0,0.0
1583762851050033486,292,1583762847441857861,,chassis_to_left_wheel,chassis_to_right_wheel,0.602512806988,0.586037955502,0.0,0.0,0.0,0.0
1583762851050174135,293,1583762847541851012,,chassis_to_left_wheel,chassis_to_right_wheel,0.814361840795,0.795412839201,0.0,0.0,0.0,0.0
1583762851050269065,294,1583762847641865874,,chassis_to_left_wheel,chassis_to_right_wheel,1.05925068532,1.03754507168,0.0,0.0,0.0,0.0
1583762851050308465,295,1583762847741883358,,chassis_to_left_wheel,chassis_to_right_wheel,1.33714723713,1.31235115767,0.0,0.0,0.0,0.0
1583762851050543691,296,1583762847841861483,,chassis_to_left_wheel,chassis_to_right_wheel,1.64763532885,1.62020102507,0.0,0.0,0.0,0.0
1583762851050595448,297,1583762847941848500,,chassis_to_left_wheel,chassis_to_right_wheel,1.97930338054,1.95171646903,0.0,0.0,0.0,0.0
1583762851050631206,298,1583762848041857607,,chassis_to_left_wheel,chassis_to_right_wheel,2.31953944622,2.29109444261,0.0,0.0,0.0,0.0
1583762851050678977,299,1583762848141885052,,chassis_to_left_wheel,chassis_to_right_wheel,2.66310668749,2.63530755604,0.0,0.0,0.0,0.0
1583762851050782544,300,1583762848241901661,,chassis_to_left_wheel,chassis_to_right_wheel,3.00885146299,2.98051363142,0.0,0.0,0.0,0.0
1583762851050814695,301,1583762848341870830,,chassis_to_left_wheel,chassis_to_right_wheel,3.3540556112,3.32625133357,0.0,0.0,0.0,0.0
1583762851051136717,302,1583762848441850345,,chassis_to_left_wheel,chassis_to_right_wheel,3.69973492448,3.67212486243,0.0,0.0,0.0,0.0
1583762851051396234,303,1583762848541867130,,chassis_to_left_wheel,chassis_to_right_wheel,4.04577715779,4.01815835497,0.0,0.0,0.0,0.0
1583762851051583419,304,1583762848641850672,,chassis_to_left_wheel,chassis_to_right_wheel,4.39172448412,4.36422702399,0.0,0.0,0.0,0.0
1583762851051612223,305,1583762848741878663,,chassis_to_left_wheel,chassis_to_right_wheel,4.73775868665,4.7102617486,0.0,0.0,0.0,0.0
1583762851051750754,306,1583762848841863017,,chassis_to_left_wheel,chassis_to_right_wheel,5.08376041866,5.05624448344,0.0,0.0,0.0,0.0
1583762851051880469,307,1583762848941894571,,chassis_to_left_wheel,chassis_to_right_wheel,5.42978757446,5.40143818238,0.0,0.0,0.0,0.0
1583762851051917011,308,1583762849041857065,,chassis_to_left_wheel,chassis_to_right_wheel,5.77582489979,5.74793917395,0.0,0.0,0.0,0.0
1583762851051989213,309,1583762849141880505,,chassis_to_left_wheel,chassis_to_right_wheel,6.12183748391,6.09581774958,0.0,0.0,0.0,0.0
1583762851052359835,310,1583762849241853644,,chassis_to_left_wheel,chassis_to_right_wheel,6.46707193157,6.44098233883,0.0,0.0,0.0,0.0
1583762851052566030,311,1583762849341868478,,chassis_to_left_wheel,chassis_to_right_wheel,6.81268654063,6.78663622553,0.0,0.0,0.0,0.0
1583762851052680835,312,1583762849441872040,,chassis_to_left_wheel,chassis_to_right_wheel,7.15949033825,7.13341732221,0.0,0.0,0.0,0.0
1583762851052713506,313,1583762849541868485,,chassis_to_left_wheel,chassis_to_right_wheel,7.5056750693,7.47885354189,0.0,0.0,0.0,0.0
1583762851052757117,314,1583762849641858362,,chassis_to_left_wheel,chassis_to_right_wheel,7.85172740972,7.82534590875,0.0,0.0,0.0,0.0
1583762851052918112,315,1583762849741866275,,chassis_to_left_wheel,chassis_to_right_wheel,8.19785163289,8.1725008095,0.0,0.0,0.0,0.0
1583762851055905121,316,1583762849841856408,,chassis_to_left_wheel,chassis_to_right_wheel,8.54315954516,8.5174335468,0.0,0.0,0.0,0.0
1583762851055962866,317,1583762849941876141,,chassis_to_left_wheel,chassis_to_right_wheel,8.88888036406,8.86304270772,0.0,0.0,0.0,0.0
1583762851055989238,318,1583762850041860475,,chassis_to_left_wheel,chassis_to_right_wheel,9.23554418862,9.20962345709,0.0,0.0,0.0,0.0
1583762851056016095,319,1583762850141882605,,chassis_to_left_wheel,chassis_to_right_wheel,9.58198022645,9.55512358284,0.0,0.0,0.0,0.0
1583762851056157176,320,1583762850241876915,,chassis_to_left_wheel,chassis_to_right_wheel,9.92730723158,9.90091168413,0.0,0.0,0.0,0.0
1583762851056275996,321,1583762850341855450,,chassis_to_left_wheel,chassis_to_right_wheel,10.2738999576,10.2475640097,0.0,0.0,0.0,0.0
1583762851056337113,322,1583762850441856901,,chassis_to_left_wheel,chassis_to_right_wheel,10.6192992411,10.5939474329,0.0,0.0,0.0,0.0
1583762851056410882,323,1583762850541880412,,chassis_to_left_wheel,chassis_to_right_wheel,10.9651622414,10.9400504411,0.0,0.0,0.0,0.0
1583762851056460996,324,1583762850641850276,,chassis_to_left_wheel,chassis_to_right_wheel,11.3109514476,11.2861085045,0.0,0.0,0.0,0.0
1583762851056468462,325,1583762850741850846,,chassis_to_left_wheel,chassis_to_right_wheel,11.657037638,11.6304584618,0.0,0.0,0.0,0.0
1583762851056482703,326,1583762850841870385,,chassis_to_left_wheel,chassis_to_right_wheel,12.0030601652,11.9783120847,0.0,0.0,0.0,0.0
1583762851056630674,327,1583762850941879628,,chassis_to_left_wheel,chassis_to_right_wheel,12.3489708001,12.3240716819,0.0,0.0,0.0,0.0
1583762851057279017,328,1583762851041867072,,chassis_to_left_wheel,chassis_to_right_wheel,12.695028738,12.6693777888,0.0,0.0,0.0,0.0
1583762851143259519,329,1583762851141883676,,chassis_to_left_wheel,chassis_to_right_wheel,13.0411455972,13.0145024995,0.0,0.0,0.0,0.0
1583762851243239294,330,1583762851241835845,,chassis_to_left_wheel,chassis_to_right_wheel,13.3873340399,13.3602172588,0.0,0.0,0.0,0.0
1583762851343167074,331,1583762851341854831,,chassis_to_left_wheel,chassis_to_right_wheel,13.733320644,13.7052173405,0.0,0.0,0.0,0.0
1583762851443668452,332,1583762851441895059,,chassis_to_left_wheel,chassis_to_right_wheel,14.0793417486,14.0517465182,0.0,0.0,0.0,0.0
1583762851543552177,333,1583762851541908898,,chassis_to_left_wheel,chassis_to_right_wheel,14.4254246684,14.3980134613,0.0,0.0,0.0,0.0
1583762851643550398,334,1583762851641873703,,chassis_to_left_wheel,chassis_to_right_wheel,14.7714554904,14.7441755105,0.0,0.0,0.0,0.0
1583762851743482702,335,1583762851741862008,,chassis_to_left_wheel,chassis_to_right_wheel,15.1175422971,15.0906797222,0.0,0.0,0.0,0.0
1583762851843321307,336,1583762851841871143,,chassis_to_left_wheel,chassis_to_right_wheel,15.4634786439,15.4375704769,0.0,0.0,0.0,0.0
1583762851943292900,337,1583762851941880948,,chassis_to_left_wheel,chassis_to_right_wheel,15.8094316305,15.7838668148,0.0,0.0,0.0,0.0
1583762852042649411,338,1583762852041848110,,chassis_to_left_wheel,chassis_to_right_wheel,16.1554296852,16.1292147639,0.0,0.0,0.0,0.0
1583762852142485062,339,1583762852141877167,,chassis_to_left_wheel,chassis_to_right_wheel,16.5013977521,16.4758158676,0.0,0.0,0.0,0.0
1583762852242798581,340,1583762852241863646,,chassis_to_left_wheel,chassis_to_right_wheel,16.8474306478,16.821324135,0.0,0.0,0.0,0.0
1583762852342360443,341,1583762852341860451,,chassis_to_left_wheel,chassis_to_right_wheel,17.1930669431,17.166961845,0.0,0.0,0.0,0.0
1583762852442993024,342,1583762852441852349,,chassis_to_left_wheel,chassis_to_right_wheel,17.5394472803,17.513035452,0.0,0.0,0.0,0.0
1583762852542446602,343,1583762852541855560,,chassis_to_left_wheel,chassis_to_right_wheel,17.8846367691,17.8598692008,0.0,0.0,0.0,0.0
1583762852643346178,344,1583762852641864948,,chassis_to_left_wheel,chassis_to_right_wheel,18.2311072676,18.2061715453,0.0,0.0,0.0,0.0
1583762852743025714,345,1583762852741852627,,chassis_to_left_wheel,chassis_to_right_wheel,18.5765248811,18.5513682491,0.0,0.0,0.0,0.0
1583762852842896048,346,1583762852841850868,,chassis_to_left_wheel,chassis_to_right_wheel,18.9231730564,18.8978896487,0.0,0.0,0.0,0.0
1583762852942965414,347,1583762852941876099,,chassis_to_left_wheel,chassis_to_right_wheel,19.2631496186,19.2392175385,0.0,0.0,0.0,0.0
1583762853043691162,348,1583762853041876750,,chassis_to_left_wheel,chassis_to_right_wheel,19.5736843714,19.5533081644,0.0,0.0,0.0,0.0
1583762853143575667,349,1583762853141884916,,chassis_to_left_wheel,chassis_to_right_wheel,19.8428747636,19.8262256258,0.0,0.0,0.0,0.0
1583762853243119838,350,1583762853241863745,,chassis_to_left_wheel,chassis_to_right_wheel,20.0661230254,20.0530581693,0.0,0.0,0.0,0.0
1583762853343554437,351,1583762853341885242,,chassis_to_left_wheel,chassis_to_right_wheel,20.2414267982,20.2320619627,0.0,0.0,0.0,0.0
1583762853442995060,352,1583762853441880647,,chassis_to_left_wheel,chassis_to_right_wheel,20.3680907713,20.3623474131,0.0,0.0,0.0,0.0
1583762853543220391,353,1583762853541851014,,chassis_to_left_wheel,chassis_to_right_wheel,20.4458944385,20.4439235972,0.0,0.0,0.0,0.0
1583762853643943887,354,1583762853641890364,,chassis_to_left_wheel,chassis_to_right_wheel,20.4805786184,20.4810098629,0.0,0.0,0.0,0.0
1583762853743123747,355,1583762853741852054,,chassis_to_left_wheel,chassis_to_right_wheel,20.4955566354,20.4970831562,0.0,0.0,0.0,0.0
1583762853843242888,356,1583762853841868765,,chassis_to_left_wheel,chassis_to_right_wheel,20.5022584641,20.5041846835,0.0,0.0,0.0,0.0
1583762853943936788,357,1583762853941878343,,chassis_to_left_wheel,chassis_to_right_wheel,20.5051600647,20.5073806054,0.0,0.0,0.0,0.0
1583762854043284804,358,1583762854041866125,,chassis_to_left_wheel,chassis_to_right_wheel,20.5065319709,20.5088510342,0.0,0.0,0.0,0.0
1583762854143588464,359,1583762854141861430,,chassis_to_left_wheel,chassis_to_right_wheel,20.5071671603,20.5095256327,0.0,0.0,0.0,0.0
1583762854242714165,360,1583762854241851915,,chassis_to_left_wheel,chassis_to_right_wheel,20.5074500451,20.5098146781,0.0,0.0,0.0,0.0
1583762854342351583,361,1583762854341886524,,chassis_to_left_wheel,chassis_to_right_wheel,20.5075631991,20.5099398992,0.0,0.0,0.0,0.0
1583762854443054173,362,1583762854441892364,,chassis_to_left_wheel,chassis_to_right_wheel,20.5076084606,20.5099899877,0.0,0.0,0.0,0.0
1583762854543256196,363,1583762854541850369,,chassis_to_left_wheel,chassis_to_right_wheel,20.5076265652,20.5100100231,0.0,0.0,0.0,0.0
1583762854643951342,364,1583762854641856026,,chassis_to_left_wheel,chassis_to_right_wheel,20.5076338071,20.5100180372,0.0,0.0,0.0,0.0
1583762854743269579,365,1583762854741848373,,chassis_to_left_wheel,chassis_to_right_wheel,20.5076367038,20.5100212429,0.0,0.0,0.0,0.0
1583762854843302185,366,1583762854841848637,,chassis_to_left_wheel,chassis_to_right_wheel,20.5076378625,20.5100225252,0.0,0.0,0.0,0.0
1583762854942934405,367,1583762854941880955,,chassis_to_left_wheel,chassis_to_right_wheel,20.507638326,20.5100230381,0.0,0.0,0.0,0.0
1583762855042321760,368,1583762855041848705,,chassis_to_left_wheel,chassis_to_right_wheel,20.5076385114,20.5100232432,0.0,0.0,0.0,0.0
1583762855142604174,369,1583762855141876415,,chassis_to_left_wheel,chassis_to_right_wheel,20.5076385856,20.5100233253,0.0,0.0,0.0,0.0
1583762855243295088,370,1583762855241867243,,chassis_to_left_wheel,chassis_to_right_wheel,20.5076386152,20.5100233581,0.0,0.0,0.0,0.0
1583762855342903613,371,1583762855341876815,,chassis_to_left_wheel,chassis_to_right_wheel,20.5076386271,20.5100233712,0.0,0.0,0.0,0.0
1583762855443340808,372,1583762855441854193,,chassis_to_left_wheel,chassis_to_right_wheel,20.5076386318,20.5100233765,0.0,0.0,0.0,0.0
1583762855542505884,373,1583762855541874637,,chassis_to_left_wheel,chassis_to_right_wheel,20.5076386337,20.5100233786,0.0,0.0,0.0,0.0
1583762855643820435,374,1583762855641875525,,chassis_to_left_wheel,chassis_to_right_wheel,20.5076386345,20.5100233794,0.0,0.0,0.0,0.0
1583762855743076358,375,1583762855741879386,,chassis_to_left_wheel,chassis_to_right_wheel,20.5076386348,20.5100233798,0.0,0.0,0.0,0.0
1583762855842725640,376,1583762855841848576,,chassis_to_left_wheel,chassis_to_right_wheel,20.5076386349,20.5100233799,0.0,0.0,0.0,0.0
1583762855942807864,377,1583762855941877962,,chassis_to_left_wheel,chassis_to_right_wheel,20.507638635,20.51002338,0.0,0.0,0.0,0.0
1583762856043579594,378,1583762856041890497,,chassis_to_left_wheel,chassis_to_right_wheel,20.507638635,20.51002338,0.0,0.0,0.0,0.0
1583762856142745340,379,1583762856141863865,,chassis_to_left_wheel,chassis_to_right_wheel,20.507638635,20.51002338,0.0,0.0,0.0,0.0
1583762856242400329,380,1583762856241850121,,chassis_to_left_wheel,chassis_to_right_wheel,20.507638635,20.51002338,0.0,0.0,0.0,0.0
1583762856342422063,381,1583762856341874667,,chassis_to_left_wheel,chassis_to_right_wheel,20.507638635,20.51002338,0.0,0.0,0.0,0.0
1583762856442760199,382,1583762856441845569,,chassis_to_left_wheel,chassis_to_right_wheel,20.507638635,20.51002338,0.0,0.0,0.0,0.0
1583762856542802094,383,1583762856541854010,,chassis_to_left_wheel,chassis_to_right_wheel,20.507638635,20.51002338,0.0,0.0,0.0,0.0
1583762856643087904,384,1583762856641857264,,chassis_to_left_wheel,chassis_to_right_wheel,20.507638635,20.51002338,0.0,0.0,0.0,0.0
1583762856742698937,385,1583762856741871858,,chassis_to_left_wheel,chassis_to_right_wheel,20.507638635,20.51002338,0.0,0.0,0.0,0.0
1583762856842866872,386,1583762856841857593,,chassis_to_left_wheel,chassis_to_right_wheel,20.507638635,20.51002338,0.0,0.0,0.0,0.0
1583762856942705273,387,1583762856941849965,,chassis_to_left_wheel,chassis_to_right_wheel,20.507638635,20.51002338,0.0,0.0,0.0,0.0
1583762857043676700,388,1583762857041867448,,chassis_to_left_wheel,chassis_to_right_wheel,20.507638635,20.51002338,0.0,0.0,0.0,0.0
1583762857142900727,389,1583762857141857638,,chassis_to_left_wheel,chassis_to_right_wheel,20.507638635,20.51002338,0.0,0.0,0.0,0.0
1583762857242960657,390,1583762857241859716,,chassis_to_left_wheel,chassis_to_right_wheel,20.507638635,20.51002338,0.0,0.0,0.0,0.0
1583762857342688726,391,1583762857341849500,,chassis_to_left_wheel,chassis_to_right_wheel,20.507638635,20.51002338,0.0,0.0,0.0,0.0
1583762857442766549,392,1583762857441851694,,chassis_to_left_wheel,chassis_to_right_wheel,20.507638635,20.51002338,0.0,0.0,0.0,0.0
1583762857542781075,393,1583762857541860093,,chassis_to_left_wheel,chassis_to_right_wheel,20.507638635,20.51002338,0.0,0.0,0.0,0.0
1583762857643154890,394,1583762857641848667,,chassis_to_left_wheel,chassis_to_right_wheel,20.507638635,20.51002338,0.0,0.0,0.0,0.0
1583762857743701966,395,1583762857741902350,,chassis_to_left_wheel,chassis_to_right_wheel,20.507638635,20.51002338,0.0,0.0,0.0,0.0
1583762857842689248,396,1583762857841847293,,chassis_to_left_wheel,chassis_to_right_wheel,20.507638635,20.51002338,0.0,0.0,0.0,0.0
1583762857942955771,397,1583762857941853108,,chassis_to_left_wheel,chassis_to_right_wheel,20.507638635,20.51002338,0.0,0.0,0.0,0.0
1583762858042954213,398,1583762858041824947,,chassis_to_left_wheel,chassis_to_right_wheel,20.507638635,20.51002338,0.0,0.0,0.0,0.0
1583762858143140836,399,1583762858141876236,,chassis_to_left_wheel,chassis_to_right_wheel,20.507638635,20.51002338,0.0,0.0,0.0,0.0
1583762858242971184,400,1583762858241873316,,chassis_to_left_wheel,chassis_to_right_wheel,20.507638635,20.51002338,0.0,0.0,0.0,0.0
1583762858343056204,401,1583762858341876299,,chassis_to_left_wheel,chassis_to_right_wheel,20.507638635,20.51002338,0.0,0.0,0.0,0.0
1583762858443355489,402,1583762858441886147,,chassis_to_left_wheel,chassis_to_right_wheel,20.507638635,20.51002338,0.0,0.0,0.0,0.0
1583762858543110664,403,1583762858541850144,,chassis_to_left_wheel,chassis_to_right_wheel,20.507638635,20.51002338,0.0,0.0,0.0,0.0
1583762858642843054,404,1583762858641864602,,chassis_to_left_wheel,chassis_to_right_wheel,20.507638635,20.51002338,0.0,0.0,0.0,0.0
1583762858743491893,405,1583762858741911916,,chassis_to_left_wheel,chassis_to_right_wheel,20.507638635,20.51002338,0.0,0.0,0.0,0.0
1583762858842936516,406,1583762858841857419,,chassis_to_left_wheel,chassis_to_right_wheel,20.507638635,20.51002338,0.0,0.0,0.0,0.0
1583762858943172999,407,1583762858941894281,,chassis_to_left_wheel,chassis_to_right_wheel,20.507638635,20.51002338,0.0,0.0,0.0,0.0
1583762859043739611,408,1583762859041876508,,chassis_to_left_wheel,chassis_to_right_wheel,20.507638635,20.51002338,0.0,0.0,0.0,0.0
1583762859143286195,409,1583762859141884568,,chassis_to_left_wheel,chassis_to_right_wheel,20.507638635,20.51002338,0.0,0.0,0.0,0.0
1583762859243725764,410,1583762859241854132,,chassis_to_left_wheel,chassis_to_right_wheel,20.507638635,20.51002338,0.0,0.0,0.0,0.0
1583762859343476069,411,1583762859341880456,,chassis_to_left_wheel,chassis_to_right_wheel,20.507638635,20.51002338,0.0,0.0,0.0,0.0
1583762859443176312,412,1583762859441852170,,chassis_to_left_wheel,chassis_to_right_wheel,20.507638635,20.51002338,0.0,0.0,0.0,0.0
1583762859543078821,413,1583762859541850413,,chassis_to_left_wheel,chassis_to_right_wheel,20.507638635,20.51002338,0.0,0.0,0.0,0.0
1583762859644021150,414,1583762859641856143,,chassis_to_left_wheel,chassis_to_right_wheel,20.507638635,20.51002338,0.0,0.0,0.0,0.0
1583762859742739638,415,1583762859741885094,,chassis_to_left_wheel,chassis_to_right_wheel,20.507638635,20.51002338,0.0,0.0,0.0,0.0
1583762859843977145,416,1583762859841822899,,chassis_to_left_wheel,chassis_to_right_wheel,20.507638635,20.51002338,0.0,0.0,0.0,0.0
1583762859943612658,417,1583762859941881070,,chassis_to_left_wheel,chassis_to_right_wheel,20.507638635,20.51002338,0.0,0.0,0.0,0.0
1583762860042496375,418,1583762860041858322,,chassis_to_left_wheel,chassis_to_right_wheel,20.507638635,20.51002338,0.0,0.0,0.0,0.0
1583762860143070838,419,1583762860141850171,,chassis_to_left_wheel,chassis_to_right_wheel,20.507638635,20.51002338,0.0,0.0,0.0,0.0
1583762860244123165,420,1583762860241864592,,chassis_to_left_wheel,chassis_to_right_wheel,20.507638635,20.51002338,0.0,0.0,0.0,0.0
1583762860342910149,421,1583762860341849589,,chassis_to_left_wheel,chassis_to_right_wheel,20.507638635,20.51002338,0.0,0.0,0.0,0.0
1583762860443163834,422,1583762860441852873,,chassis_to_left_wheel,chassis_to_right_wheel,20.507638635,20.51002338,0.0,0.0,0.0,0.0
1583762860543064817,423,1583762860541875105,,chassis_to_left_wheel,chassis_to_right_wheel,20.507638635,20.51002338,0.0,0.0,0.0,0.0
1583762860643201256,424,1583762860641864000,,chassis_to_left_wheel,chassis_to_right_wheel,20.507638635,20.51002338,0.0,0.0,0.0,0.0
1583762860742826937,425,1583762860741877593,,chassis_to_left_wheel,chassis_to_right_wheel,20.507638635,20.51002338,0.0,0.0,0.0,0.0
1583762860842741990,426,1583762860841851644,,chassis_to_left_wheel,chassis_to_right_wheel,20.507638635,20.51002338,0.0,0.0,0.0,0.0
1583762860942995649,427,1583762860941848887,,chassis_to_left_wheel,chassis_to_right_wheel,20.507638635,20.51002338,0.0,0.0,0.0,0.0
1583762861043003564,428,1583762861041860369,,chassis_to_left_wheel,chassis_to_right_wheel,20.507638635,20.51002338,0.0,0.0,0.0,0.0
1583762861142977269,429,1583762861141877703,,chassis_to_left_wheel,chassis_to_right_wheel,20.507638635,20.51002338,0.0,0.0,0.0,0.0
1583762861243736021,430,1583762861241871973,,chassis_to_left_wheel,chassis_to_right_wheel,20.507638635,20.51002338,0.0,0.0,0.0,0.0
1583762861343109267,431,1583762861341876189,,chassis_to_left_wheel,chassis_to_right_wheel,20.507638635,20.51002338,0.0,0.0,0.0,0.0
1583762861442684199,432,1583762861441809047,,chassis_to_left_wheel,chassis_to_right_wheel,20.507638635,20.51002338,0.0,0.0,0.0,0.0
1583762861543232729,433,1583762861541878480,,chassis_to_left_wheel,chassis_to_right_wheel,20.507638635,20.51002338,0.0,0.0,0.0,0.0
1583762861643340165,434,1583762861641856378,,chassis_to_left_wheel,chassis_to_right_wheel,20.507638635,20.51002338,0.0,0.0,0.0,0.0
1583762861742983828,435,1583762861741888635,,chassis_to_left_wheel,chassis_to_right_wheel,20.507638635,20.51002338,0.0,0.0,0.0,0.0
1583762861843445341,436,1583762861841861160,,chassis_to_left_wheel,chassis_to_right_wheel,20.507638635,20.51002338,0.0,0.0,0.0,0.0
1583762861942951887,437,1583762861941878706,,chassis_to_left_wheel,chassis_to_right_wheel,20.507638635,20.51002338,0.0,0.0,0.0,0.0
1583762862042528416,438,1583762862041849747,,chassis_to_left_wheel,chassis_to_right_wheel,20.503230858,20.513643711,0.0,0.0,0.0,0.0
1583762862143132798,439,1583762862141853964,,chassis_to_left_wheel,chassis_to_right_wheel,20.4786798282,20.5359303534,0.0,0.0,0.0,0.0
1583762862242885443,440,1583762862241862174,,chassis_to_left_wheel,chassis_to_right_wheel,20.4341637773,20.5796846944,0.0,0.0,0.0,0.0
1583762862342347021,441,1583762862341872032,,chassis_to_left_wheel,chassis_to_right_wheel,20.3767065699,20.6365011127,0.0,0.0,0.0,0.0
1583762862443159773,442,1583762862441864763,,chassis_to_left_wheel,chassis_to_right_wheel,20.31157612,20.7010967601,0.0,0.0,0.0,0.0
1583762862542909660,443,1583762862541923538,,chassis_to_left_wheel,chassis_to_right_wheel,20.24202235,20.770542242,0.0,0.0,0.0,0.0
1583762862642645213,444,1583762862641850815,,chassis_to_left_wheel,chassis_to_right_wheel,20.169969424,20.8426574858,0.0,0.0,0.0,0.0
1583762862743092210,445,1583762862741852732,,chassis_to_left_wheel,chassis_to_right_wheel,20.0965231126,20.9162439603,0.0,0.0,0.0,0.0
1583762862843542789,446,1583762862841852462,,chassis_to_left_wheel,chassis_to_right_wheel,20.022308181,20.9903997211,0.0,0.0,0.0,0.0
1583762862943378074,447,1583762862941870562,,chassis_to_left_wheel,chassis_to_right_wheel,19.9476705654,21.0651769195,0.0,0.0,0.0,0.0
1583762863043684042,448,1583762863041843547,,chassis_to_left_wheel,chassis_to_right_wheel,19.8726622132,21.1395016738,0.0,0.0,0.0,0.0
1583762863143215517,449,1583762863141879342,,chassis_to_left_wheel,chassis_to_right_wheel,19.7976880233,21.2145385295,0.0,0.0,0.0,0.0
1583762863243242789,450,1583762863241854532,,chassis_to_left_wheel,chassis_to_right_wheel,19.7224778203,21.2901867278,0.0,0.0,0.0,0.0
1583762863342592689,451,1583762863341854472,,chassis_to_left_wheel,chassis_to_right_wheel,19.6473172571,21.3654360621,0.0,0.0,0.0,0.0
1583762863443245100,452,1583762863441861724,,chassis_to_left_wheel,chassis_to_right_wheel,19.5722053588,21.4406218808,0.0,0.0,0.0,0.0
1583762863543123201,453,1583762863541879494,,chassis_to_left_wheel,chassis_to_right_wheel,19.4970361025,21.5157150723,0.0,0.0,0.0,0.0
1583762863642396000,454,1583762863641852215,,chassis_to_left_wheel,chassis_to_right_wheel,19.422045566,21.5907616099,0.0,0.0,0.0,0.0
1583762863742446090,455,1583762863741852953,,chassis_to_left_wheel,chassis_to_right_wheel,19.3470112814,21.666000752,0.0,0.0,0.0,0.0
1583762863842654253,456,1583762863841882681,,chassis_to_left_wheel,chassis_to_right_wheel,19.2718922766,21.7405390928,0.0,0.0,0.0,0.0
1583762863943270888,457,1583762863941886945,,chassis_to_left_wheel,chassis_to_right_wheel,19.1965281176,21.8162567691,0.0,0.0,0.0,0.0
1583762864042808455,458,1583762864041862893,,chassis_to_left_wheel,chassis_to_right_wheel,19.1214404141,21.8909961266,0.0,0.0,0.0,0.0
1583762864143131406,459,1583762864141878847,,chassis_to_left_wheel,chassis_to_right_wheel,19.0461848056,21.9667269887,0.0,0.0,0.0,0.0
1583762864243306088,460,1583762864241871903,,chassis_to_left_wheel,chassis_to_right_wheel,18.9708620352,22.0428544525,0.0,0.0,0.0,0.0
1583762864342772388,461,1583762864341859184,,chassis_to_left_wheel,chassis_to_right_wheel,18.8956660481,22.11809383,0.0,0.0,0.0,0.0
1583762864443322456,462,1583762864441866771,,chassis_to_left_wheel,chassis_to_right_wheel,18.8205879952,22.193390902,0.0,0.0,0.0,0.0
1583762864543893032,463,1583762864541878514,,chassis_to_left_wheel,chassis_to_right_wheel,18.7454898951,22.2687686698,0.0,0.0,0.0,0.0
1583762864642998083,464,1583762864641848735,,chassis_to_left_wheel,chassis_to_right_wheel,18.67036457,22.3437273749,0.0,0.0,0.0,0.0
1583762864743019978,465,1583762864741874602,,chassis_to_left_wheel,chassis_to_right_wheel,18.59518034,22.418844957,0.0,0.0,0.0,0.0
1583762864843743496,466,1583762864841873982,,chassis_to_left_wheel,chassis_to_right_wheel,18.519991754,22.4943237828,0.0,0.0,0.0,0.0
1583762864943472349,467,1583762864941881913,,chassis_to_left_wheel,chassis_to_right_wheel,18.4448494406,22.5694765591,0.0,0.0,0.0,0.0
1583762865042709291,468,1583762865041854731,,chassis_to_left_wheel,chassis_to_right_wheel,18.3698024602,22.6445949456,0.0,0.0,0.0,0.0
1583762865142934504,469,1583762865141854002,,chassis_to_left_wheel,chassis_to_right_wheel,18.3006514431,22.7150037093,0.0,0.0,0.0,0.0
1583762865242773599,470,1583762865241848429,,chassis_to_left_wheel,chassis_to_right_wheel,18.2530936202,22.7638904887,0.0,0.0,0.0,0.0
1583762865343034332,471,1583762865341900591,,chassis_to_left_wheel,chassis_to_right_wheel,18.2239201201,22.7938260435,0.0,0.0,0.0,0.0
1583762865443804626,472,1583762865441849955,,chassis_to_left_wheel,chassis_to_right_wheel,18.206825025,22.8114756384,0.0,0.0,0.0,0.0
1583762865542595565,473,1583762865541875586,,chassis_to_left_wheel,chassis_to_right_wheel,18.197154102,22.8215700244,0.0,0.0,0.0,0.0
1583762865643729859,474,1583762865641863805,,chassis_to_left_wheel,chassis_to_right_wheel,18.1917204438,22.8272306857,0.0,0.0,0.0,0.0
1583762865743154914,475,1583762865741856005,,chassis_to_left_wheel,chassis_to_right_wheel,18.1887211225,22.8303880293,0.0,0.0,0.0,0.0
1583762865843165359,476,1583762865841851958,,chassis_to_left_wheel,chassis_to_right_wheel,18.187108465,22.8321023077,0.0,0.0,0.0,0.0
1583762865943096992,477,1583762865941883602,,chassis_to_left_wheel,chassis_to_right_wheel,18.186242533,22.8330280941,0.0,0.0,0.0,0.0
1583762866042444771,478,1583762866041860154,,chassis_to_left_wheel,chassis_to_right_wheel,18.1857905272,22.8335136446,0.0,0.0,0.0,0.0
1583762866142373718,479,1583762866141857236,,chassis_to_left_wheel,chassis_to_right_wheel,18.1855713129,22.8337366739,0.0,0.0,0.0,0.0
1583762866243279912,480,1583762866241851039,,chassis_to_left_wheel,chassis_to_right_wheel,18.1854836272,22.8338258855,0.0,0.0,0.0,0.0
1583762866343531848,481,1583762866341891299,,chassis_to_left_wheel,chassis_to_right_wheel,18.1854485529,22.8338615702,0.0,0.0,0.0,0.0
1583762866442552278,482,1583762866441848933,,chassis_to_left_wheel,chassis_to_right_wheel,18.1854345231,22.8338758441,0.0,0.0,0.0,0.0
1583762866543369381,483,1583762866541920240,,chassis_to_left_wheel,chassis_to_right_wheel,18.1854289113,22.8338815536,0.0,0.0,0.0,0.0
1583762866643339414,484,1583762866641861090,,chassis_to_left_wheel,chassis_to_right_wheel,18.1854170635,22.8338934405,0.0,0.0,0.0,0.0
1583762866743293830,485,1583762866741915254,,chassis_to_left_wheel,chassis_to_right_wheel,18.1854123244,22.8338981952,0.0,0.0,0.0,0.0
1583762866843361888,486,1583762866841857665,,chassis_to_left_wheel,chassis_to_right_wheel,18.1854104288,22.8339000971,0.0,0.0,0.0,0.0
1583762866943542680,487,1583762866941853122,,chassis_to_left_wheel,chassis_to_right_wheel,18.1854096705,22.8339008578,0.0,0.0,0.0,0.0
1583762867043220008,488,1583762867041850171,,chassis_to_left_wheel,chassis_to_right_wheel,18.1854093672,22.8339011621,0.0,0.0,0.0,0.0
1583762867142774817,489,1583762867141925233,,chassis_to_left_wheel,chassis_to_right_wheel,18.1854092459,22.8339012839,0.0,0.0,0.0,0.0
1583762867243184573,490,1583762867241867890,,chassis_to_left_wheel,chassis_to_right_wheel,18.1854091974,22.8339013325,0.0,0.0,0.0,0.0
1583762867342596037,491,1583762867341877735,,chassis_to_left_wheel,chassis_to_right_wheel,18.1854091779,22.833910955,0.0,0.0,0.0,0.0
1583762867443109639,492,1583762867441860216,,chassis_to_left_wheel,chassis_to_right_wheel,18.1854091702,22.833914804,0.0,0.0,0.0,0.0
1583762867543333122,493,1583762867541867253,,chassis_to_left_wheel,chassis_to_right_wheel,18.1854091671,22.8339163436,0.0,0.0,0.0,0.0
1583762867643554514,494,1583762867641864576,,chassis_to_left_wheel,chassis_to_right_wheel,18.1854091658,22.8339169594,0.0,0.0,0.0,0.0
1583762867742701907,495,1583762867741887729,,chassis_to_left_wheel,chassis_to_right_wheel,18.1854091653,22.8339172058,0.0,0.0,0.0,0.0
1583762867842417217,496,1583762867841870992,,chassis_to_left_wheel,chassis_to_right_wheel,18.1854091651,22.8339173043,0.0,0.0,0.0,0.0
1583762867942700995,497,1583762867941884477,,chassis_to_left_wheel,chassis_to_right_wheel,18.1854091651,22.8339173437,0.0,0.0,0.0,0.0
1583762868042995102,498,1583762868041848823,,chassis_to_left_wheel,chassis_to_right_wheel,18.185409165,22.8339173595,0.0,0.0,0.0,0.0
1583762868143164185,499,1583762868141881339,,chassis_to_left_wheel,chassis_to_right_wheel,18.185409165,22.8339269688,0.0,0.0,0.0,0.0
1583762868242799565,500,1583762868241855630,,chassis_to_left_wheel,chassis_to_right_wheel,18.185409165,22.8339308125,0.0,0.0,0.0,0.0
1583762868343431593,501,1583762868341851438,,chassis_to_left_wheel,chassis_to_right_wheel,18.185409165,22.83393235,0.0,0.0,0.0,0.0
1583762868442547262,502,1583762868441859050,,chassis_to_left_wheel,chassis_to_right_wheel,18.185409165,22.833932965,0.0,0.0,0.0,0.0
1583762868543185898,503,1583762868541851464,,chassis_to_left_wheel,chassis_to_right_wheel,18.185409165,22.833933211,0.0,0.0,0.0,0.0
1583762868643620029,504,1583762868641860727,,chassis_to_left_wheel,chassis_to_right_wheel,18.185409165,22.8339333094,0.0,0.0,0.0,0.0
1583762868743115645,505,1583762868741888460,,chassis_to_left_wheel,chassis_to_right_wheel,18.185409165,22.8339333488,0.0,0.0,0.0,0.0
1583762868843023020,506,1583762868841862466,,chassis_to_left_wheel,chassis_to_right_wheel,18.185409165,22.8339333645,0.0,0.0,0.0,0.0
1583762868943066120,507,1583762868941888432,,chassis_to_left_wheel,chassis_to_right_wheel,18.185409165,22.8339333708,0.0,0.0,0.0,0.0
1583762869043013019,508,1583762869041860808,,chassis_to_left_wheel,chassis_to_right_wheel,18.185409165,22.8339333733,0.0,0.0,0.0,0.0
1583762869143292820,509,1583762869141894547,,chassis_to_left_wheel,chassis_to_right_wheel,18.185409165,22.8339333743,0.0,0.0,0.0,0.0
1583762869242745985,510,1583762869241855248,,chassis_to_left_wheel,chassis_to_right_wheel,18.185409165,22.8339333747,0.0,0.0,0.0,0.0
1583762869342737396,511,1583762869341886846,,chassis_to_left_wheel,chassis_to_right_wheel,18.185409165,22.8339333749,0.0,0.0,0.0,0.0
1583762869443579830,512,1583762869441859565,,chassis_to_left_wheel,chassis_to_right_wheel,18.185409165,22.833933375,0.0,0.0,0.0,0.0
1583762869542928619,513,1583762869541851734,,chassis_to_left_wheel,chassis_to_right_wheel,18.185409165,22.833933375,0.0,0.0,0.0,0.0
1583762869642755938,514,1583762869641870722,,chassis_to_left_wheel,chassis_to_right_wheel,18.185409165,22.833933375,0.0,0.0,0.0,0.0
1583762869743355909,515,1583762869741883519,,chassis_to_left_wheel,chassis_to_right_wheel,18.185409165,22.833933375,0.0,0.0,0.0,0.0
1583762869842687587,516,1583762869841859138,,chassis_to_left_wheel,chassis_to_right_wheel,18.185409165,22.833933375,0.0,0.0,0.0,0.0
1583762869943545496,517,1583762869941885351,,chassis_to_left_wheel,chassis_to_right_wheel,18.185409165,22.833933375,0.0,0.0,0.0,0.0
1583762870042875418,518,1583762870041861285,,chassis_to_left_wheel,chassis_to_right_wheel,18.185409165,22.833933375,0.0,0.0,0.0,0.0
1583762870142704422,519,1583762870141880346,,chassis_to_left_wheel,chassis_to_right_wheel,18.185409165,22.833933375,0.0,0.0,0.0,0.0
1583762870242573681,520,1583762870241846499,,chassis_to_left_wheel,chassis_to_right_wheel,18.185409165,22.833933375,0.0,0.0,0.0,0.0
1583762870343058131,521,1583762870341851681,,chassis_to_left_wheel,chassis_to_right_wheel,18.185409165,22.833933375,0.0,0.0,0.0,0.0
1583762870442654357,522,1583762870441867130,,chassis_to_left_wheel,chassis_to_right_wheel,18.185409165,22.833933375,0.0,0.0,0.0,0.0
1583762870542689928,523,1583762870541880227,,chassis_to_left_wheel,chassis_to_right_wheel,18.185409165,22.833933375,0.0,0.0,0.0,0.0
1583762870642606788,524,1583762870641869023,,chassis_to_left_wheel,chassis_to_right_wheel,18.185409165,22.833933375,0.0,0.0,0.0,0.0
1583762870742934346,525,1583762870741904720,,chassis_to_left_wheel,chassis_to_right_wheel,18.185409165,22.833933375,0.0,0.0,0.0,0.0
1583762870843923213,526,1583762870841868693,,chassis_to_left_wheel,chassis_to_right_wheel,18.185409165,22.833933375,0.0,0.0,0.0,0.0
1583762870943232395,527,1583762870941882584,,chassis_to_left_wheel,chassis_to_right_wheel,18.185409165,22.833933375,0.0,0.0,0.0,0.0
1583762871043245476,528,1583762871041853784,,chassis_to_left_wheel,chassis_to_right_wheel,18.185409165,22.833933375,0.0,0.0,0.0,0.0
1583762871142583527,529,1583762871141881353,,chassis_to_left_wheel,chassis_to_right_wheel,18.185409165,22.833933375,0.0,0.0,0.0,0.0
1583762871243139207,530,1583762871241863571,,chassis_to_left_wheel,chassis_to_right_wheel,18.185409165,22.833933375,0.0,0.0,0.0,0.0
1583762871342920101,531,1583762871341878772,,chassis_to_left_wheel,chassis_to_right_wheel,18.185409165,22.833933375,0.0,0.0,0.0,0.0
1583762871442490698,532,1583762871441862510,,chassis_to_left_wheel,chassis_to_right_wheel,18.185409165,22.833933375,0.0,0.0,0.0,0.0
1583762871543264084,533,1583762871541876418,,chassis_to_left_wheel,chassis_to_right_wheel,18.185409165,22.833933375,0.0,0.0,0.0,0.0
1583762871643673709,534,1583762871641866244,,chassis_to_left_wheel,chassis_to_right_wheel,18.185409165,22.833933375,0.0,0.0,0.0,0.0
1583762871743215936,535,1583762871741879461,,chassis_to_left_wheel,chassis_to_right_wheel,18.185409165,22.833933375,0.0,0.0,0.0,0.0
1583762871843720073,536,1583762871841853405,,chassis_to_left_wheel,chassis_to_right_wheel,18.185409165,22.833933375,0.0,0.0,0.0,0.0
1583762871943170892,537,1583762871941885656,,chassis_to_left_wheel,chassis_to_right_wheel,18.185409165,22.833933375,0.0,0.0,0.0,0.0
1583762872043860625,538,1583762872041870919,,chassis_to_left_wheel,chassis_to_right_wheel,18.185409165,22.833933375,0.0,0.0,0.0,0.0
1583762872143152018,539,1583762872141884640,,chassis_to_left_wheel,chassis_to_right_wheel,18.185409165,22.833942978,0.0,0.0,0.0,0.0
1583762872243346927,540,1583762872241849625,,chassis_to_left_wheel,chassis_to_right_wheel,18.185399562,22.8339468192,0.0,0.0,0.0,0.0
1583762872342903580,541,1583762872341889406,,chassis_to_left_wheel,chassis_to_right_wheel,18.1853957208,22.8339483557,0.0,0.0,0.0,0.0
1583762872442708505,542,1583762872441855589,,chassis_to_left_wheel,chassis_to_right_wheel,18.1853941843,22.8339489703,0.0,0.0,0.0,0.0
1583762872543120246,543,1583762872541875417,,chassis_to_left_wheel,chassis_to_right_wheel,18.1853935697,22.8339492161,0.0,0.0,0.0,0.0
1583762872643562680,544,1583762872641869242,,chassis_to_left_wheel,chassis_to_right_wheel,18.1853933239,22.8339493144,0.0,0.0,0.0,0.0
1583762872743470788,545,1583762872741865481,,chassis_to_left_wheel,chassis_to_right_wheel,18.1853932256,22.8339493538,0.0,0.0,0.0,0.0
1583762872842794196,546,1583762872841860788,,chassis_to_left_wheel,chassis_to_right_wheel,18.1853931862,22.8339493695,0.0,0.0,0.0,0.0
1583762872942470757,547,1583762872941861225,,chassis_to_left_wheel,chassis_to_right_wheel,18.1853931705,22.8339493758,0.0,0.0,0.0,0.0
1583762873042599580,548,1583762873041852829,,chassis_to_left_wheel,chassis_to_right_wheel,18.1853931642,22.8339493783,0.0,0.0,0.0,0.0
1583762873142961788,549,1583762873141863379,,chassis_to_left_wheel,chassis_to_right_wheel,18.1853931617,22.8339493793,0.0,0.0,0.0,0.0
1583762873242369968,550,1583762873241859138,,chassis_to_left_wheel,chassis_to_right_wheel,18.1853931607,22.8339493797,0.0,0.0,0.0,0.0
1583762873343346665,551,1583762873341850006,,chassis_to_left_wheel,chassis_to_right_wheel,18.1853931603,22.8339493799,0.0,0.0,0.0,0.0
1583762873442798203,552,1583762873441859940,,chassis_to_left_wheel,chassis_to_right_wheel,18.1853931601,22.83394938,0.0,0.0,0.0,0.0
1583762873542908316,553,1583762873541879323,,chassis_to_left_wheel,chassis_to_right_wheel,18.18539316,22.83394938,0.0,0.0,0.0,0.0
1583762873643010662,554,1583762873641858749,,chassis_to_left_wheel,chassis_to_right_wheel,18.18539316,22.83394938,0.0,0.0,0.0,0.0
1583762873743200070,555,1583762873741878540,,chassis_to_left_wheel,chassis_to_right_wheel,18.18539316,22.833958983,0.0,0.0,0.0,0.0
1583762873843672431,556,1583762873841865068,,chassis_to_left_wheel,chassis_to_right_wheel,18.18539316,22.8339628242,0.0,0.0,0.0,0.0
1583762873943248340,557,1583762873941850449,,chassis_to_left_wheel,chassis_to_right_wheel,18.18539316,22.8339643607,0.0,0.0,0.0,0.0
1583762874043279690,558,1583762874041870836,,chassis_to_left_wheel,chassis_to_right_wheel,18.18539316,22.8339649753,0.0,0.0,0.0,0.0
1583762874143139115,559,1583762874141851905,,chassis_to_left_wheel,chassis_to_right_wheel,18.18539316,22.8339652211,0.0,0.0,0.0,0.0
1583762874243414285,560,1583762874241862543,,chassis_to_left_wheel,chassis_to_right_wheel,18.18539316,22.8339653194,0.0,0.0,0.0,0.0
1583762874343709796,561,1583762874341906512,,chassis_to_left_wheel,chassis_to_right_wheel,18.18971451,22.8304698668,0.0,0.0,0.0,0.0
1583762874442580922,562,1583762874441853796,,chassis_to_left_wheel,chassis_to_right_wheel,18.214432632,22.8076089807,0.0,0.0,0.0,0.0
1583762874544033458,563,1583762874541871846,,chassis_to_left_wheel,chassis_to_right_wheel,18.2587082238,22.7643931823,0.0,0.0,0.0,0.0
1583762874643099686,564,1583762874641868136,,chassis_to_left_wheel,chassis_to_right_wheel,18.3151761685,22.7078978139,0.0,0.0,0.0,0.0
1583762874743173591,565,1583762874741879083,,chassis_to_left_wheel,chassis_to_right_wheel,18.3806983594,22.6434978076,0.0,0.0,0.0,0.0
1583762874843636879,566,1583762874841859238,,chassis_to_left_wheel,chassis_to_right_wheel,18.4500343088,22.574457084,0.0,0.0,0.0,0.0
1583762874943799892,567,1583762874941854968,,chassis_to_left_wheel,chassis_to_right_wheel,18.5222977995,22.5020908146,0.0,0.0,0.0,0.0
1583762875043349926,568,1583762875041879626,,chassis_to_left_wheel,chassis_to_right_wheel,18.5957419098,22.4286728138,0.0,0.0,0.0,0.0
1583762875143216783,569,1583762875141852856,,chassis_to_left_wheel,chassis_to_right_wheel,18.6699079459,22.3545364275,0.0,0.0,0.0,0.0
1583762875242799214,570,1583762875241855123,,chassis_to_left_wheel,chassis_to_right_wheel,18.7446412394,22.279757376,0.0,0.0,0.0,0.0
1583762875343599530,571,1583762875341905344,,chassis_to_left_wheel,chassis_to_right_wheel,18.8196590537,22.2046444344,0.0,0.0,0.0,0.0
1583762875442990554,572,1583762875441854614,,chassis_to_left_wheel,chassis_to_right_wheel,18.8947522645,22.1296380118,0.0,0.0,0.0,0.0
1583762875543243833,573,1583762875541874062,,chassis_to_left_wheel,chassis_to_right_wheel,18.9698564278,22.0546261817,0.0,0.0,0.0,0.0
1583762875642730194,574,1583762875641849213,,chassis_to_left_wheel,chassis_to_right_wheel,19.0450802081,21.9792376717,0.0,0.0,0.0,0.0
1583762875743098138,575,1583762875741876368,,chassis_to_left_wheel,chassis_to_right_wheel,19.1202462022,21.9042842727,0.0,0.0,0.0,0.0
1583762875843883349,576,1583762875841872482,,chassis_to_left_wheel,chassis_to_right_wheel,19.1951970219,21.8291111951,0.0,0.0,0.0,0.0
1583762875943464425,577,1583762875941891406,,chassis_to_left_wheel,chassis_to_right_wheel,19.2705899368,21.7540231,0.0,0.0,0.0,0.0
1583762876044339884,578,1583762876041853735,,chassis_to_left_wheel,chassis_to_right_wheel,19.3456507307,21.67881535,0.0,0.0,0.0,0.0
1583762876142889139,579,1583762876141850291,,chassis_to_left_wheel,chassis_to_right_wheel,19.4206843093,21.603559738,0.0,0.0,0.0,0.0
1583762876243348346,580,1583762876241856332,,chassis_to_left_wheel,chassis_to_right_wheel,19.4959470767,21.5280929212,0.0,0.0,0.0,0.0
1583762876343587462,581,1583762876341858495,,chassis_to_left_wheel,chassis_to_right_wheel,19.5709077967,21.4528585215,0.0,0.0,0.0,0.0
1583762876442993787,582,1583762876441839963,,chassis_to_left_wheel,chassis_to_right_wheel,19.6462086417,21.3776594706,0.0,0.0,0.0,0.0
1583762876543267126,583,1583762876541879657,,chassis_to_left_wheel,chassis_to_right_wheel,19.7212902257,21.3029066942,0.0,0.0,0.0,0.0
1583762876643160505,584,1583762876641888435,,chassis_to_left_wheel,chassis_to_right_wheel,19.7965914013,21.2276025997,0.0,0.0,0.0,0.0
1583762876743120643,585,1583762876741879239,,chassis_to_left_wheel,chassis_to_right_wheel,19.8716251025,21.1525293189,0.0,0.0,0.0,0.0
1583762876842766986,586,1583762876841849992,,chassis_to_left_wheel,chassis_to_right_wheel,19.947003155,21.0772026556,0.0,0.0,0.0,0.0
1583762876943330562,587,1583762876941880888,,chassis_to_left_wheel,chassis_to_right_wheel,20.022067607,21.0021011412,0.0,0.0,0.0,0.0
1583762877043776823,588,1583762877041896170,,chassis_to_left_wheel,chassis_to_right_wheel,20.0974387538,20.9268592145,0.0,0.0,0.0,0.0
1583762877143032516,589,1583762877141894546,,chassis_to_left_wheel,chassis_to_right_wheel,20.1724044135,20.8514266808,0.0,0.0,0.0,0.0
1583762877242681778,590,1583762877241864197,,chassis_to_left_wheel,chassis_to_right_wheel,20.2475631894,20.7762732153,0.0,0.0,0.0,0.0
1583762877342391934,591,1583762877341845295,,chassis_to_left_wheel,chassis_to_right_wheel,20.3227223878,20.7013370101,0.0,0.0,0.0,0.0
1583762877442508513,592,1583762877441866473,,chassis_to_left_wheel,chassis_to_right_wheel,20.3979777851,20.6259691471,0.0,0.0,0.0,0.0
1583762877543072935,593,1583762877541852669,,chassis_to_left_wheel,chassis_to_right_wheel,20.47304119,20.5508607558,0.0,0.0,0.0,0.0
1583762877642977916,594,1583762877641865568,,chassis_to_left_wheel,chassis_to_right_wheel,20.548095019,20.4756640933,0.0,0.0,0.0,0.0
1583762877743524113,595,1583762877741849333,,chassis_to_left_wheel,chassis_to_right_wheel,20.6233082686,20.4004705343,0.0,0.0,0.0,0.0
1583762877843565018,596,1583762877841854550,,chassis_to_left_wheel,chassis_to_right_wheel,20.6985468744,20.3252782167,0.0,0.0,0.0,0.0
1583762877943575161,597,1583762877941911240,,chassis_to_left_wheel,chassis_to_right_wheel,20.7739780798,20.2502784557,0.0,0.0,0.0,0.0
1583762878043229093,598,1583762878041854216,,chassis_to_left_wheel,chassis_to_right_wheel,20.8488909389,20.1749715973,0.0,0.0,0.0,0.0
1583762878143083562,599,1583762878141849185,,chassis_to_left_wheel,chassis_to_right_wheel,20.9239709766,20.0997627689,0.0,0.0,0.0,0.0
1583762878243482549,600,1583762878241867356,,chassis_to_left_wheel,chassis_to_right_wheel,20.9991370916,20.0247083886,0.0,0.0,0.0,0.0
1583762878342699344,601,1583762878341873289,,chassis_to_left_wheel,chassis_to_right_wheel,21.0743856527,19.9493316674,0.0,0.0,0.0,0.0
1583762878442903837,602,1583762878441869774,,chassis_to_left_wheel,chassis_to_right_wheel,21.1496383831,19.874238939,0.0,0.0,0.0,0.0
1583762878543078059,603,1583762878541884103,,chassis_to_left_wheel,chassis_to_right_wheel,21.2248255602,19.7991349686,0.0,0.0,0.0,0.0
1583762878642965881,604,1583762878641858749,,chassis_to_left_wheel,chassis_to_right_wheel,21.2999385011,19.7238728534,0.0,0.0,0.0,0.0
1583762878743602806,605,1583762878741882783,,chassis_to_left_wheel,chassis_to_right_wheel,21.3750697624,19.6487011284,0.0,0.0,0.0,0.0
1583762878843067477,606,1583762878841861214,,chassis_to_left_wheel,chassis_to_right_wheel,21.450237161,19.5733542933,0.0,0.0,0.0,0.0
1583762878942833078,607,1583762878941900246,,chassis_to_left_wheel,chassis_to_right_wheel,21.5253902054,19.4983887553,0.0,0.0,0.0,0.0
1583762879043490212,608,1583762879041858291,,chassis_to_left_wheel,chassis_to_right_wheel,21.6006335382,19.4231532041,0.0,0.0,0.0,0.0
1583762879143397727,609,1583762879141886796,,chassis_to_left_wheel,chassis_to_right_wheel,21.6758169563,19.3480593257,0.0,0.0,0.0,0.0
1583762879243027703,610,1583762879241878114,,chassis_to_left_wheel,chassis_to_right_wheel,21.7510436295,19.2727532323,0.0,0.0,0.0,0.0
1583762879343284057,611,1583762879341900183,,chassis_to_left_wheel,chassis_to_right_wheel,21.8261819718,19.1976215339,0.0,0.0,0.0,0.0
1583762879443095710,612,1583762879441876051,,chassis_to_left_wheel,chassis_to_right_wheel,21.9014866447,19.1222522976,0.0,0.0,0.0,0.0
1583762879542994992,613,1583762879541880033,,chassis_to_left_wheel,chassis_to_right_wheel,21.9767138049,19.047095342,0.0,0.0,0.0,0.0
1583762879643347548,614,1583762879641871574,,chassis_to_left_wheel,chassis_to_right_wheel,22.05190996,18.9720232988,0.0,0.0,0.0,0.0
1583762879742852414,615,1583762879741886999,,chassis_to_left_wheel,chassis_to_right_wheel,22.126805623,18.8969179995,0.0,0.0,0.0,0.0
1583762879842310617,616,1583762879841853385,,chassis_to_left_wheel,chassis_to_right_wheel,22.2021572692,18.8217801918,0.0,0.0,0.0,0.0
1583762879943660466,617,1583762879941948902,,chassis_to_left_wheel,chassis_to_right_wheel,22.2773456007,18.7467542197,0.0,0.0,0.0,0.0
1583762880042906015,618,1583762880041849302,,chassis_to_left_wheel,chassis_to_right_wheel,22.3525742393,18.6717057609,0.0,0.0,0.0,0.0
1583762880143713037,619,1583762880141851296,,chassis_to_left_wheel,chassis_to_right_wheel,22.4277325737,18.5963025994,0.0,0.0,0.0,0.0
1583762880243007642,620,1583762880241851339,,chassis_to_left_wheel,chassis_to_right_wheel,22.5029972285,18.5213337367,0.0,0.0,0.0,0.0
1583762880342857849,621,1583762880341883547,,chassis_to_left_wheel,chassis_to_right_wheel,22.5781507634,18.4461448707,0.0,0.0,0.0,0.0
1583762880443990961,622,1583762880441861104,,chassis_to_left_wheel,chassis_to_right_wheel,22.6466241774,18.3758615633,0.0,0.0,0.0,0.0
1583762880543689592,623,1583762880541903096,,chassis_to_left_wheel,chassis_to_right_wheel,22.6934500149,18.3273898803,0.0,0.0,0.0,0.0
1583762880643325802,624,1583762880641868905,,chassis_to_left_wheel,chassis_to_right_wheel,22.722503575,18.2973802891,0.0,0.0,0.0,0.0
1583762880743260240,625,1583762880741877770,,chassis_to_left_wheel,chassis_to_right_wheel,22.739416252,18.2798067126,0.0,0.0,0.0,0.0
1583762880842636623,626,1583762880841858286,,chassis_to_left_wheel,chassis_to_right_wheel,22.7491006348,18.2697331311,0.0,0.0,0.0,0.0
1583762880943758013,627,1583762880941851472,,chassis_to_left_wheel,chassis_to_right_wheel,22.7545492799,18.2640807914,0.0,0.0,0.0,0.0
1583762881042381822,628,1583762881041855413,,chassis_to_left_wheel,chassis_to_right_wheel,22.757583405,18.2609171736,0.0,0.0,0.0,0.0
1583762881143300279,629,1583762881141911721,,chassis_to_left_wheel,chassis_to_right_wheel,22.75922919,18.2591907824,0.0,0.0,0.0,0.0
1583762881243820007,630,1583762881241887056,,chassis_to_left_wheel,chassis_to_right_wheel,22.760127579,18.258240945,0.0,0.0,0.0,0.0
1583762881342494235,631,1583762881341874763,,chassis_to_left_wheel,chassis_to_right_wheel,22.7605925676,18.257755377,0.0,0.0,0.0,0.0
1583762881442959454,632,1583762881441860114,,chassis_to_left_wheel,chassis_to_right_wheel,22.760797769,18.2575323408,0.0,0.0,0.0,0.0
1583762881542948403,633,1583762881541876930,,chassis_to_left_wheel,chassis_to_right_wheel,22.7608798496,18.2574431263,0.0,0.0,0.0,0.0
1583762881643351461,634,1583762881641865876,,chassis_to_left_wheel,chassis_to_right_wheel,22.7609126818,18.2574074405,0.0,0.0,0.0,0.0
1583762881743191524,635,1583762881741885272,,chassis_to_left_wheel,chassis_to_right_wheel,22.7609258147,18.2573931662,0.0,0.0,0.0,0.0
1583762881842852831,636,1583762881841862168,,chassis_to_left_wheel,chassis_to_right_wheel,22.7609310679,18.2573874565,0.0,0.0,0.0,0.0
1583762881943318059,637,1583762881941885473,,chassis_to_left_wheel,chassis_to_right_wheel,22.7609331692,18.2573755696,0.0,0.0,0.0,0.0
1583762882043387340,638,1583762882041848682,,chassis_to_left_wheel,chassis_to_right_wheel,22.7609340097,18.2573708148,0.0,0.0,0.0,0.0
1583762882143389666,639,1583762882141884146,,chassis_to_left_wheel,chassis_to_right_wheel,22.7609343459,18.2573689129,0.0,0.0,0.0,0.0
1583762882243574782,640,1583762882241866258,,chassis_to_left_wheel,chassis_to_right_wheel,22.7609344803,18.2573681522,0.0,0.0,0.0,0.0
1583762882342611888,641,1583762882341861001,,chassis_to_left_wheel,chassis_to_right_wheel,22.7609345341,18.2573678479,0.0,0.0,0.0,0.0
1583762882442349470,642,1583762882441855854,,chassis_to_left_wheel,chassis_to_right_wheel,22.7609345557,18.2573677261,0.0,0.0,0.0,0.0
1583762882543138323,643,1583762882541902585,,chassis_to_left_wheel,chassis_to_right_wheel,22.7609345643,18.2573676775,0.0,0.0,0.0,0.0
1583762882642661629,644,1583762882641874520,,chassis_to_left_wheel,chassis_to_right_wheel,22.7609441707,18.257367658,0.0,0.0,0.0,0.0
1583762882742598969,645,1583762882741862026,,chassis_to_left_wheel,chassis_to_right_wheel,22.7609480133,18.2573676502,0.0,0.0,0.0,0.0
1583762882842568657,646,1583762882841855542,,chassis_to_left_wheel,chassis_to_right_wheel,22.7609495503,18.2573676471,0.0,0.0,0.0,0.0
1583762882942850255,647,1583762882941861023,,chassis_to_left_wheel,chassis_to_right_wheel,22.7609501651,18.2573676458,0.0,0.0,0.0,0.0
1583762883042709167,648,1583762883041850876,,chassis_to_left_wheel,chassis_to_right_wheel,22.7609504111,18.2573676453,0.0,0.0,0.0,0.0
1583762883142599666,649,1583762883141883164,,chassis_to_left_wheel,chassis_to_right_wheel,22.7609505094,18.2573676451,0.0,0.0,0.0,0.0
1583762883243487937,650,1583762883241861039,,chassis_to_left_wheel,chassis_to_right_wheel,22.7609505488,18.2573676451,0.0,0.0,0.0,0.0
1583762883343463029,651,1583762883341888154,,chassis_to_left_wheel,chassis_to_right_wheel,22.7609505645,18.257367645,0.0,0.0,0.0,0.0
1583762883442706116,652,1583762883441861120,,chassis_to_left_wheel,chassis_to_right_wheel,22.7609505708,18.257367645,0.0,0.0,0.0,0.0
1583762883543491992,653,1583762883541882620,,chassis_to_left_wheel,chassis_to_right_wheel,22.7609505733,18.257367645,0.0,0.0,0.0,0.0
1583762883643434742,654,1583762883641871793,,chassis_to_left_wheel,chassis_to_right_wheel,22.7609505743,18.257367645,0.0,0.0,0.0,0.0
1583762883743065357,655,1583762883741902647,,chassis_to_left_wheel,chassis_to_right_wheel,22.7609505747,18.257367645,0.0,0.0,0.0,0.0
1583762883842984910,656,1583762883841859843,,chassis_to_left_wheel,chassis_to_right_wheel,22.7609505749,18.257367645,0.0,0.0,0.0,0.0
1583762883943464214,657,1583762883941863897,,chassis_to_left_wheel,chassis_to_right_wheel,22.760950575,18.257367645,0.0,0.0,0.0,0.0
1583762884042886035,658,1583762884041856435,,chassis_to_left_wheel,chassis_to_right_wheel,22.760950575,18.257367645,0.0,0.0,0.0,0.0
1583762884142675806,659,1583762884141850693,,chassis_to_left_wheel,chassis_to_right_wheel,22.760950575,18.257367645,0.0,0.0,0.0,0.0
1583762884242429721,660,1583762884241862555,,chassis_to_left_wheel,chassis_to_right_wheel,22.760950575,18.257367645,0.0,0.0,0.0,0.0
1583762884343110369,661,1583762884341949749,,chassis_to_left_wheel,chassis_to_right_wheel,22.760950575,18.257367645,0.0,0.0,0.0,0.0
1583762884442692763,662,1583762884441859286,,chassis_to_left_wheel,chassis_to_right_wheel,22.760950575,18.257367645,0.0,0.0,0.0,0.0
1583762884543247237,663,1583762884541899427,,chassis_to_left_wheel,chassis_to_right_wheel,22.760950575,18.257367645,0.0,0.0,0.0,0.0
1583762884643158050,664,1583762884641862464,,chassis_to_left_wheel,chassis_to_right_wheel,22.760950575,18.257367645,0.0,0.0,0.0,0.0
1583762884742850157,665,1583762884741876802,,chassis_to_left_wheel,chassis_to_right_wheel,22.760950575,18.257367645,0.0,0.0,0.0,0.0
1583762884843058588,666,1583762884841850211,,chassis_to_left_wheel,chassis_to_right_wheel,22.760950575,18.257367645,0.0,0.0,0.0,0.0
1583762884943279552,667,1583762884941883992,,chassis_to_left_wheel,chassis_to_right_wheel,22.760950575,18.257367645,0.0,0.0,0.0,0.0
1583762885043033415,668,1583762885041861703,,chassis_to_left_wheel,chassis_to_right_wheel,22.760950575,18.257367645,0.0,0.0,0.0,0.0
1583762885143224278,669,1583762885141866418,,chassis_to_left_wheel,chassis_to_right_wheel,22.760950575,18.257367645,0.0,0.0,0.0,0.0
1583762885242701498,670,1583762885241802508,,chassis_to_left_wheel,chassis_to_right_wheel,22.760950575,18.257367645,0.0,0.0,0.0,0.0
1583762885342686635,671,1583762885341849898,,chassis_to_left_wheel,chassis_to_right_wheel,22.760950575,18.257367645,0.0,0.0,0.0,0.0
1583762885443108137,672,1583762885441856148,,chassis_to_left_wheel,chassis_to_right_wheel,22.760950575,18.257367645,0.0,0.0,0.0,0.0
1583762885542990353,673,1583762885541849424,,chassis_to_left_wheel,chassis_to_right_wheel,22.760950575,18.257367645,0.0,0.0,0.0,0.0
1583762885642961317,674,1583762885641856200,,chassis_to_left_wheel,chassis_to_right_wheel,22.760950575,18.257367645,0.0,0.0,0.0,0.0
1583762885742779421,675,1583762885741912593,,chassis_to_left_wheel,chassis_to_right_wheel,22.760950575,18.257367645,0.0,0.0,0.0,0.0
1583762885842820754,676,1583762885841867543,,chassis_to_left_wheel,chassis_to_right_wheel,22.760950575,18.257367645,0.0,0.0,0.0,0.0
1583762885942866837,677,1583762885941850445,,chassis_to_left_wheel,chassis_to_right_wheel,22.760950575,18.257367645,0.0,0.0,0.0,0.0
1583762886042803214,678,1583762886041873995,,chassis_to_left_wheel,chassis_to_right_wheel,22.760950575,18.257367645,0.0,0.0,0.0,0.0
1583762886142997062,679,1583762886141867995,,chassis_to_left_wheel,chassis_to_right_wheel,22.760950575,18.257367645,0.0,0.0,0.0,0.0
1583762886243083768,680,1583762886241863870,,chassis_to_left_wheel,chassis_to_right_wheel,22.760950575,18.257367645,0.0,0.0,0.0,0.0
1583762886343099886,681,1583762886341886452,,chassis_to_left_wheel,chassis_to_right_wheel,22.760950575,18.257367645,0.0,0.0,0.0,0.0
1583762886442732435,682,1583762886441859315,,chassis_to_left_wheel,chassis_to_right_wheel,22.760950575,18.257367645,0.0,0.0,0.0,0.0
1583762886543683246,683,1583762886541902253,,chassis_to_left_wheel,chassis_to_right_wheel,22.760950575,18.257367645,0.0,0.0,0.0,0.0
1583762886642588519,684,1583762886641845969,,chassis_to_left_wheel,chassis_to_right_wheel,22.760950575,18.257367645,0.0,0.0,0.0,0.0
1583762886742995139,685,1583762886741875595,,chassis_to_left_wheel,chassis_to_right_wheel,22.760950575,18.257367645,0.0,0.0,0.0,0.0
1583762886842976841,686,1583762886841846958,,chassis_to_left_wheel,chassis_to_right_wheel,22.760950575,18.257367645,0.0,0.0,0.0,0.0
1583762886942994608,687,1583762886941847741,,chassis_to_left_wheel,chassis_to_right_wheel,22.760950575,18.257367645,0.0,0.0,0.0,0.0
1583762887043140444,688,1583762887041851793,,chassis_to_left_wheel,chassis_to_right_wheel,22.760950575,18.257367645,0.0,0.0,0.0,0.0
1583762887142958499,689,1583762887141896228,,chassis_to_left_wheel,chassis_to_right_wheel,22.760950575,18.257367645,0.0,0.0,0.0,0.0
1583762887243386055,690,1583762887241866134,,chassis_to_left_wheel,chassis_to_right_wheel,22.760950575,18.257367645,0.0,0.0,0.0,0.0
1583762887342260322,691,1583762887341850163,,chassis_to_left_wheel,chassis_to_right_wheel,22.760950575,18.257367645,0.0,0.0,0.0,0.0
1583762887442995628,692,1583762887441848910,,chassis_to_left_wheel,chassis_to_right_wheel,22.760950575,18.257367645,0.0,0.0,0.0,0.0
1583762887543083808,693,1583762887541880286,,chassis_to_left_wheel,chassis_to_right_wheel,22.760950575,18.257367645,0.0,0.0,0.0,0.0
1583762887642794953,694,1583762887641873481,,chassis_to_left_wheel,chassis_to_right_wheel,22.760950575,18.257367645,0.0,0.0,0.0,0.0
1583762887743833713,695,1583762887741884894,,chassis_to_left_wheel,chassis_to_right_wheel,22.760950575,18.257367645,0.0,0.0,0.0,0.0
1583762887842825701,696,1583762887841848066,,chassis_to_left_wheel,chassis_to_right_wheel,22.760950575,18.257367645,0.0,0.0,0.0,0.0
1583762887943133795,697,1583762887941878561,,chassis_to_left_wheel,chassis_to_right_wheel,22.760950575,18.257367645,0.0,0.0,0.0,0.0
1583762888042312018,698,1583762888041855922,,chassis_to_left_wheel,chassis_to_right_wheel,22.760950575,18.257367645,0.0,0.0,0.0,0.0
1583762888143493643,699,1583762888141833442,,chassis_to_left_wheel,chassis_to_right_wheel,22.760950575,18.257367645,0.0,0.0,0.0,0.0
1583762888243565294,700,1583762888241886319,,chassis_to_left_wheel,chassis_to_right_wheel,22.760950575,18.257367645,0.0,0.0,0.0,0.0
1583762888343243662,701,1583762888341879286,,chassis_to_left_wheel,chassis_to_right_wheel,22.760950575,18.257367645,0.0,0.0,0.0,0.0
1583762888443140968,702,1583762888441866477,,chassis_to_left_wheel,chassis_to_right_wheel,22.760950575,18.257367645,0.0,0.0,0.0,0.0
1583762888542919521,703,1583762888541901469,,chassis_to_left_wheel,chassis_to_right_wheel,22.760950575,18.257367645,0.0,0.0,0.0,0.0
1583762888642614105,704,1583762888641858001,,chassis_to_left_wheel,chassis_to_right_wheel,22.760950575,18.257367645,0.0,0.0,0.0,0.0
1583762888743247654,705,1583762888741920894,,chassis_to_left_wheel,chassis_to_right_wheel,22.760950575,18.257367645,0.0,0.0,0.0,0.0
1583762888843090128,706,1583762888841853400,,chassis_to_left_wheel,chassis_to_right_wheel,22.760950575,18.257367645,0.0,0.0,0.0,0.0
1583762888943311018,707,1583762888941881497,,chassis_to_left_wheel,chassis_to_right_wheel,22.760950575,18.257367645,0.0,0.0,0.0,0.0
1583762889043571505,708,1583762889041865592,,chassis_to_left_wheel,chassis_to_right_wheel,22.760950575,18.257367645,0.0,0.0,0.0,0.0
1583762889142774403,709,1583762889141909694,,chassis_to_left_wheel,chassis_to_right_wheel,22.760950575,18.257367645,0.0,0.0,0.0,0.0
1583762889243722377,710,1583762889241858583,,chassis_to_left_wheel,chassis_to_right_wheel,22.760950575,18.257367645,0.0,0.0,0.0,0.0
1583762889343556719,711,1583762889341935836,,chassis_to_left_wheel,chassis_to_right_wheel,22.760950575,18.257367645,0.0,0.0,0.0,0.0
1583762889442701277,712,1583762889441861115,,chassis_to_left_wheel,chassis_to_right_wheel,22.760950575,18.257367645,0.0,0.0,0.0,0.0
1583762889543083812,713,1583762889541879363,,chassis_to_left_wheel,chassis_to_right_wheel,22.760950575,18.257367645,0.0,0.0,0.0,0.0
1583762889642907976,714,1583762889641861759,,chassis_to_left_wheel,chassis_to_right_wheel,22.756696446,18.260651871,0.0,0.0,0.0,0.0
1583762889742787354,715,1583762889741851316,,chassis_to_left_wheel,chassis_to_right_wheel,22.7322260814,18.2833514424,0.0,0.0,0.0,0.0
1583762889843110112,716,1583762889841863510,,chassis_to_left_wheel,chassis_to_right_wheel,22.6877230906,18.326531524,0.0,0.0,0.0,0.0
1583762889943174493,717,1583762889941875643,,chassis_to_left_wheel,chassis_to_right_wheel,22.6302711072,18.3831854596,0.0,0.0,0.0,0.0
1583762890043310620,718,1583762890041862464,,chassis_to_left_wheel,chassis_to_right_wheel,22.5651043349,18.4482922938,0.0,0.0,0.0,0.0
1583762890143628153,719,1583762890141872606,,chassis_to_left_wheel,chassis_to_right_wheel,22.495564845,18.5167898905,0.0,0.0,0.0,0.0
1583762890242858913,720,1583762890241859094,,chassis_to_left_wheel,chassis_to_right_wheel,22.423479219,18.5887564522,0.0,0.0,0.0,0.0
1583762890343082150,721,1583762890341855907,,chassis_to_left_wheel,chassis_to_right_wheel,22.3498949886,18.6623314689,0.0,0.0,0.0,0.0
1583762890443358900,722,1583762890441872460,,chassis_to_left_wheel,chassis_to_right_wheel,22.2758361554,18.7366074856,0.0,0.0,0.0,0.0
1583762890543310433,723,1583762890541882324,,chassis_to_left_wheel,chassis_to_right_wheel,22.2011553462,18.8117400822,0.0,0.0,0.0,0.0
1583762890642369544,724,1583762890641858114,,chassis_to_left_wheel,chassis_to_right_wheel,22.1261777315,18.8865046889,0.0,0.0,0.0,0.0
1583762890742540796,725,1583762890741848944,,chassis_to_left_wheel,chassis_to_right_wheel,22.0510429826,18.9614582046,0.0,0.0,0.0,0.0
1583762890843515454,726,1583762890841855109,,chassis_to_left_wheel,chassis_to_right_wheel,21.976171882,19.0365352988,0.0,0.0,0.0,0.0
1583762890942986169,727,1583762890941875822,,chassis_to_left_wheel,chassis_to_right_wheel,21.9008780758,19.1120171355,0.0,0.0,0.0,0.0
1583762891043586021,728,1583762891041866803,,chassis_to_left_wheel,chassis_to_right_wheel,21.8256072473,19.1870270712,0.0,0.0,0.0,0.0
1583762891143372033,729,1583762891141868242,,chassis_to_left_wheel,chassis_to_right_wheel,21.7506240969,19.2618290405,0.0,0.0,0.0,0.0
1583762891243507441,730,1583762891241850446,,chassis_to_left_wheel,chassis_to_right_wheel,21.6752566618,19.3375945502,0.0,0.0,0.0,0.0
1583762891343263955,731,1583762891341884652,,chassis_to_left_wheel,chassis_to_right_wheel,21.6000043967,19.4132749291,0.0,0.0,0.0,0.0
1583762891443105358,732,1583762891441858930,,chassis_to_left_wheel,chassis_to_right_wheel,21.5249902597,19.4883258696,0.0,0.0,0.0,0.0
1583762891542936034,733,1583762891541904968,,chassis_to_left_wheel,chassis_to_right_wheel,21.4498601079,19.5630770199,0.0,0.0,0.0,0.0
1583762891643204751,734,1583762891641857483,,chassis_to_left_wheel,chassis_to_right_wheel,21.3746355351,19.6383324489,0.0,0.0,0.0,0.0
1583762891743393710,735,1583762891741884689,,chassis_to_left_wheel,chassis_to_right_wheel,21.2997285051,19.7132134096,0.0,0.0,0.0,0.0
1583762891842927596,736,1583762891841856180,,chassis_to_left_wheel,chassis_to_right_wheel,21.224506754,19.7882614818,0.0,0.0,0.0,0.0
1583762891943037978,737,1583762891941897035,,chassis_to_left_wheel,chassis_to_right_wheel,21.1492455416,19.8633667957,0.0,0.0,0.0,0.0
1583762892043093597,738,1583762892041857656,,chassis_to_left_wheel,chassis_to_right_wheel,21.0740357656,19.9385910363,0.0,0.0,0.0,0.0
1583762892143462839,739,1583762892141885518,,chassis_to_left_wheel,chassis_to_right_wheel,20.9988273583,20.0136611845,0.0,0.0,0.0,0.0
1583762892242365968,740,1583762892241855522,,chassis_to_left_wheel,chassis_to_right_wheel,20.9236675133,20.0890730218,0.0,0.0,0.0,0.0
1583762892342596485,741,1583762892341845851,,chassis_to_left_wheel,chassis_to_right_wheel,20.8482582093,20.1648616097,0.0,0.0,0.0,0.0
1583762892442626293,742,1583762892441850267,,chassis_to_left_wheel,chassis_to_right_wheel,20.7731716537,20.2396869499,0.0,0.0,0.0,0.0
1583762892543222816,743,1583762892541885331,,chassis_to_left_wheel,chassis_to_right_wheel,20.6980317405,20.31473198,0.0,0.0,0.0,0.0
1583762892643308137,744,1583762892641858285,,chassis_to_left_wheel,chassis_to_right_wheel,20.6289875952,20.385092195,0.0,0.0,0.0,0.0
1583762892742786944,745,1583762892741876592,,chassis_to_left_wheel,chassis_to_right_wheel,20.5820775101,20.433940349,0.0,0.0,0.0,0.0
1583762892842913307,746,1583762892841861542,,chassis_to_left_wheel,chassis_to_right_wheel,20.553076678,20.4640429106,0.0,0.0,0.0,0.0
1583762892943153927,747,1583762892941849848,,chassis_to_left_wheel,chassis_to_right_wheel,20.5361370772,20.4816152632,0.0,0.0,0.0,0.0
1583762893042658250,748,1583762893041857574,,chassis_to_left_wheel,chassis_to_right_wheel,20.5263939099,20.4915635163,0.0,0.0,0.0,0.0
1583762893143745901,749,1583762893141877597,,chassis_to_left_wheel,chassis_to_right_wheel,20.520912148,20.4970696945,0.0,0.0,0.0,0.0
1583762893242983959,750,1583762893241855843,,chassis_to_left_wheel,chassis_to_right_wheel,20.5178839822,20.5002612748,0.0,0.0,0.0,0.0
1583762893343051486,751,1583762893341865235,,chassis_to_left_wheel,chassis_to_right_wheel,20.5162405809,20.5019316299,0.0,0.0,0.0,0.0
1583762893443569633,752,1583762893441880370,,chassis_to_left_wheel,chassis_to_right_wheel,20.5153527483,20.502839847,0.0,0.0,0.0,0.0
1583762893543165824,753,1583762893541902494,,chassis_to_left_wheel,chassis_to_right_wheel,20.5149015853,20.5032991638,0.0,0.0,0.0,0.0
1583762893642619773,754,1583762893641859864,,chassis_to_left_wheel,chassis_to_right_wheel,20.5146923111,20.5035116995,0.0,0.0,0.0,0.0
1583762893743319491,755,1583762893741913477,,chassis_to_left_wheel,chassis_to_right_wheel,20.5146086015,20.5036063168,0.0,0.0,0.0,0.0
1583762893843370211,756,1583762893841862182,,chassis_to_left_wheel,chassis_to_right_wheel,20.5145751176,20.5036441637,0.0,0.0,0.0,0.0
1583762893943148442,757,1583762893941878241,,chassis_to_left_wheel,chassis_to_right_wheel,20.514561724,20.5036593025,0.0,0.0,0.0,0.0
1583762894042723636,758,1583762894041860341,,chassis_to_left_wheel,chassis_to_right_wheel,20.5145563666,20.503665358,0.0,0.0,0.0,0.0
1583762894143895088,759,1583762894141880384,,chassis_to_left_wheel,chassis_to_right_wheel,20.5145542236,20.5036677802,0.0,0.0,0.0,0.0
1583762894243672724,760,1583762894241865427,,chassis_to_left_wheel,chassis_to_right_wheel,20.5145533665,20.5036687491,0.0,0.0,0.0,0.0
1583762894343545638,761,1583762894341909440,,chassis_to_left_wheel,chassis_to_right_wheel,20.5145530236,20.5036691366,0.0,0.0,0.0,0.0
1583762894442934754,762,1583762894441859130,,chassis_to_left_wheel,chassis_to_right_wheel,20.5145528864,20.5036692917,0.0,0.0,0.0,0.0
1583762894543355433,763,1583762894541880879,,chassis_to_left_wheel,chassis_to_right_wheel,20.5145528316,20.5036693537,0.0,0.0,0.0,0.0
1583762894642915967,764,1583762894641845974,,chassis_to_left_wheel,chassis_to_right_wheel,20.5145528096,20.5036693785,0.0,0.0,0.0,0.0
1583762894743707681,765,1583762894741852958,,chassis_to_left_wheel,chassis_to_right_wheel,20.5145528009,20.5036693884,0.0,0.0,0.0,0.0
1583762894842321420,766,1583762894841858890,,chassis_to_left_wheel,chassis_to_right_wheel,20.5145527973,20.5036693924,0.0,0.0,0.0,0.0
1583762894943019375,767,1583762894941907517,,chassis_to_left_wheel,chassis_to_right_wheel,20.5145527959,20.5036693939,0.0,0.0,0.0,0.0
1583762895042324879,768,1583762895041874782,,chassis_to_left_wheel,chassis_to_right_wheel,20.5145527954,20.5036693946,0.0,0.0,0.0,0.0
1583762895142298962,769,1583762895141880765,,chassis_to_left_wheel,chassis_to_right_wheel,20.5145527951,20.5036693948,0.0,0.0,0.0,0.0
1583762895242701275,770,1583762895241872722,,chassis_to_left_wheel,chassis_to_right_wheel,20.5145527951,20.5036693949,0.0,0.0,0.0,0.0
1583762895343677001,771,1583762895341906898,,chassis_to_left_wheel,chassis_to_right_wheel,20.514552795,20.503669395,0.0,0.0,0.0,0.0
1583762895442933841,772,1583762895441863013,,chassis_to_left_wheel,chassis_to_right_wheel,20.514552795,20.503669395,0.0,0.0,0.0,0.0
1583762895543020330,773,1583762895541882511,,chassis_to_left_wheel,chassis_to_right_wheel,20.514552795,20.503669395,0.0,0.0,0.0,0.0
1583762895642373011,774,1583762895641851155,,chassis_to_left_wheel,chassis_to_right_wheel,20.510193033,20.50074048,0.0,0.0,0.0,0.0
1583762895743154335,775,1583762895741883334,,chassis_to_left_wheel,chassis_to_right_wheel,20.4861221532,20.478567153,0.0,0.0,0.0,0.0
1583762895842478025,776,1583762895841858822,,chassis_to_left_wheel,chassis_to_right_wheel,20.4336356123,20.4282704802,0.0,0.0,0.0,0.0
1583762895943277302,777,1583762895941914672,,chassis_to_left_wheel,chassis_to_right_wheel,20.3500582449,20.3472591881,0.0,0.0,0.0,0.0
1583762896043473602,778,1583762896041868158,,chassis_to_left_wheel,chassis_to_right_wheel,20.234828944,20.2342758982,0.0,0.0,0.0,0.0
1583762896143078547,779,1583762896141858383,,chassis_to_left_wheel,chassis_to_right_wheel,20.0876272366,20.0893650303,0.0,0.0,0.0,0.0
1583762896242372115,780,1583762896241855064,,chassis_to_left_wheel,chassis_to_right_wheel,19.9069324986,19.9116224641,0.0,0.0,0.0,0.0
1583762896343614977,781,1583762896341888469,,chassis_to_left_wheel,chassis_to_right_wheel,19.6944604065,19.7022806496,0.0,0.0,0.0,0.0
1583762896442836489,782,1583762896441834998,,chassis_to_left_wheel,chassis_to_right_wheel,19.4482275966,19.4572807449,0.0,0.0,0.0,0.0
1583762896543178636,783,1583762896541895781,,chassis_to_left_wheel,chassis_to_right_wheel,19.1704752716,19.1817309159,0.0,0.0,0.0,0.0
1583762896642335020,784,1583762896641857023,,chassis_to_left_wheel,chassis_to_right_wheel,18.8595935297,18.8720566744,0.0,0.0,0.0,0.0
1583762896743713063,785,1583762896741854778,,chassis_to_left_wheel,chassis_to_right_wheel,18.5273742949,18.5405317058,0.0,0.0,0.0,0.0
1583762896842878006,786,1583762896841857894,,chassis_to_left_wheel,chassis_to_right_wheel,18.1873306849,18.2012651583,0.0,0.0,0.0,0.0
1583762896943792645,787,1583762896941924931,,chassis_to_left_wheel,chassis_to_right_wheel,17.843552336,17.8569909823,0.0,0.0,0.0,0.0
1583762897043019263,788,1583762897041874784,,chassis_to_left_wheel,chassis_to_right_wheel,17.4985777844,17.5125959429,0.0,0.0,0.0,0.0
1583762897142759143,789,1583762897141867698,,chassis_to_left_wheel,chassis_to_right_wheel,17.1528270588,17.1663471942,0.0,0.0,0.0,0.0
1583762897242919148,790,1583762897241850117,,chassis_to_left_wheel,chassis_to_right_wheel,16.8053830315,16.8186751487,0.0,0.0,0.0,0.0
1583762897343331101,791,1583762897341876501,,chassis_to_left_wheel,chassis_to_right_wheel,16.4603634526,16.4735259505,0.0,0.0,0.0,0.0
1583762897443156848,792,1583762897441846873,,chassis_to_left_wheel,chassis_to_right_wheel,16.114786776,16.1270715682,0.0,0.0,0.0,0.0
1583762897543326861,793,1583762897541930212,,chassis_to_left_wheel,chassis_to_right_wheel,15.7689584514,15.7808057343,0.0,0.0,0.0,0.0
1583762897642956724,794,1583762897641861094,,chassis_to_left_wheel,chassis_to_right_wheel,15.4228854226,15.4354699867,0.0,0.0,0.0,0.0
1583762897743361279,795,1583762897741880918,,chassis_to_left_wheel,chassis_to_right_wheel,15.076944984,15.0898628727,0.0,0.0,0.0,0.0
1583762897843683509,796,1583762897841869648,,chassis_to_left_wheel,chassis_to_right_wheel,14.7309039336,14.7438303131,0.0,0.0,0.0,0.0
1583762897943648365,797,1583762897941909284,,chassis_to_left_wheel,chassis_to_right_wheel,14.3848898594,14.3980212982,0.0,0.0,0.0,0.0
1583762898043240516,798,1583762898041854698,,chassis_to_left_wheel,chassis_to_right_wheel,14.0379742908,14.0520520233,0.0,0.0,0.0,0.0
1583762898142708350,799,1583762898141857319,,chassis_to_left_wheel,chassis_to_right_wheel,13.6933293463,13.7062491163,0.0,0.0,0.0,0.0
1583762898243520664,800,1583762898241854695,,chassis_to_left_wheel,chassis_to_right_wheel,13.3478929205,13.3594468235,0.0,0.0,0.0,0.0
1583762898343500469,801,1583762898341879041,,chassis_to_left_wheel,chassis_to_right_wheel,13.0012372202,13.0139637134,0.0,0.0,0.0,0.0
1583762898442781342,802,1583762898441856730,,chassis_to_left_wheel,chassis_to_right_wheel,12.6557743351,12.6673181484,0.0,0.0,0.0,0.0
1583762898543068090,803,1583762898541878368,,chassis_to_left_wheel,chassis_to_right_wheel,12.310068351,12.3219073323,0.0,0.0,0.0,0.0
1583762898642795440,804,1583762898641848760,,chassis_to_left_wheel,chassis_to_right_wheel,11.9632664154,11.9751850519,0.0,0.0,0.0,0.0
1583762898742934150,805,1583762898741865778,,chassis_to_left_wheel,chassis_to_right_wheel,11.6237757202,11.6343721958,0.0,0.0,0.0,0.0
1583762898843087511,806,1583762898841852997,,chassis_to_left_wheel,chassis_to_right_wheel,11.3141651421,11.3220624753,0.0,0.0,0.0,0.0
1583762898943067645,807,1583762898941881764,,chassis_to_left_wheel,chassis_to_right_wheel,11.0461894838,11.0501934811,0.0,0.0,0.0,0.0
1583762899042592110,808,1583762899041868777,,chassis_to_left_wheel,chassis_to_right_wheel,10.8243490035,10.8246349914,0.0,0.0,0.0,0.0
1583762899143079235,809,1583762899141875985,,chassis_to_left_wheel,chassis_to_right_wheel,10.6504149954,10.6473892096,0.0,0.0,0.0,0.0
1583762899242562195,810,1583762899241857214,,chassis_to_left_wheel,chassis_to_right_wheel,10.5250287562,10.5185463948,0.0,0.0,0.0,0.0
1583762899343162391,811,1583762899341879153,,chassis_to_left_wheel,chassis_to_right_wheel,10.4190616245,10.4090647669,0.0,0.0,0.0,0.0
1583762899442713069,812,1583762899441858950,,chassis_to_left_wheel,chassis_to_right_wheel,10.3504489788,10.3367031908,0.0,0.0,0.0,0.0
1583762899543053115,813,1583762899541850312,,chassis_to_left_wheel,chassis_to_right_wheel,10.3196812825,10.3036484763,0.0,0.0,0.0,0.0
1583762899643105474,814,1583762899641863294,,chassis_to_left_wheel,chassis_to_right_wheel,10.306173829,10.2887268595,0.0,0.0,0.0,0.0
1583762899742977177,815,1583762899741890032,,chassis_to_left_wheel,chassis_to_right_wheel,10.2995704726,10.2810584818,0.0,0.0,0.0,0.0
1583762899842826028,816,1583762899841862685,,chassis_to_left_wheel,chassis_to_right_wheel,10.29625692,10.2775301867,0.0,0.0,0.0,0.0
1583762899943158716,817,1583762899941883094,,chassis_to_left_wheel,chassis_to_right_wheel,10.294259289,10.2756579247,0.0,0.0,0.0,0.0
1583762900042239025,818,1583762900041845958,,chassis_to_left_wheel,chassis_to_right_wheel,10.2933834126,10.2748514019,0.0,0.0,0.0,0.0
1583762900142657588,819,1583762900141848576,,chassis_to_left_wheel,chassis_to_right_wheel,10.292956238,10.2744711748,0.0,0.0,0.0,0.0
1583762900242753264,820,1583762900241848056,,chassis_to_left_wheel,chassis_to_right_wheel,10.2927661622,10.2742806719,0.0,0.0,0.0,0.0
1583762900343081282,821,1583762900341848330,,chassis_to_left_wheel,chassis_to_right_wheel,10.2926901319,10.2742044708,0.0,0.0,0.0,0.0
1583762900442639782,822,1583762900441858696,,chassis_to_left_wheel,chassis_to_right_wheel,10.2926597198,10.2741739903,0.0,0.0,0.0,0.0
1583762900542948947,823,1583762900541881652,,chassis_to_left_wheel,chassis_to_right_wheel,10.2926475549,10.2741617981,0.0,0.0,0.0,0.0
1583762900643047513,824,1583762900641853292,,chassis_to_left_wheel,chassis_to_right_wheel,10.292642689,10.2741569212,0.0,0.0,0.0,0.0
1583762900742740390,825,1583762900741897321,,chassis_to_left_wheel,chassis_to_right_wheel,10.2926407426,10.2741549705,0.0,0.0,0.0,0.0
1583762900842632764,826,1583762900841847363,,chassis_to_left_wheel,chassis_to_right_wheel,10.292639964,10.2741541902,0.0,0.0,0.0,0.0
1583762900942489767,827,1583762900941831895,,chassis_to_left_wheel,chassis_to_right_wheel,10.2926396526,10.2741538781,0.0,0.0,0.0,0.0
1583762901042731246,828,1583762901041852690,,chassis_to_left_wheel,chassis_to_right_wheel,10.292639528,10.2741537532,0.0,0.0,0.0,0.0
1583762901143397904,829,1583762901141883839,,chassis_to_left_wheel,chassis_to_right_wheel,10.2926394782,10.2741537033,0.0,0.0,0.0,0.0
1583762901242925892,830,1583762901241865584,,chassis_to_left_wheel,chassis_to_right_wheel,10.2926394583,10.2741536833,0.0,0.0,0.0,0.0
1583762901343220417,831,1583762901341879469,,chassis_to_left_wheel,chassis_to_right_wheel,10.2926394503,10.2741536753,0.0,0.0,0.0,0.0
1583762901442755588,832,1583762901441856941,,chassis_to_left_wheel,chassis_to_right_wheel,10.2926394471,10.2741536721,0.0,0.0,0.0,0.0
1583762901542433752,833,1583762901541904316,,chassis_to_left_wheel,chassis_to_right_wheel,10.2926394459,10.2741536709,0.0,0.0,0.0,0.0
1583762901642309275,834,1583762901641851164,,chassis_to_left_wheel,chassis_to_right_wheel,10.2926394453,10.2741536703,0.0,0.0,0.0,0.0
1583762901742960923,835,1583762901741896628,,chassis_to_left_wheel,chassis_to_right_wheel,10.2926394451,10.2741536701,0.0,0.0,0.0,0.0
1583762901842486502,836,1583762901841869447,,chassis_to_left_wheel,chassis_to_right_wheel,10.2926394451,10.2741536701,0.0,0.0,0.0,0.0
1583762901942880109,837,1583762901941850020,,chassis_to_left_wheel,chassis_to_right_wheel,10.292639445,10.27415367,0.0,0.0,0.0,0.0
1583762902042313007,838,1583762902041861259,,chassis_to_left_wheel,chassis_to_right_wheel,10.292639445,10.27415367,0.0,0.0,0.0,0.0
1583762902143008687,839,1583762902141849224,,chassis_to_left_wheel,chassis_to_right_wheel,10.292639445,10.27415367,0.0,0.0,0.0,0.0
1583762902243125844,840,1583762902241860055,,chassis_to_left_wheel,chassis_to_right_wheel,10.292639445,10.27415367,0.0,0.0,0.0,0.0
1583762902342995689,841,1583762902341879098,,chassis_to_left_wheel,chassis_to_right_wheel,10.292639445,10.27415367,0.0,0.0,0.0,0.0
1583762902443834980,842,1583762902441868880,,chassis_to_left_wheel,chassis_to_right_wheel,10.292639445,10.27415367,0.0,0.0,0.0,0.0
1583762902543270135,843,1583762902541859455,,chassis_to_left_wheel,chassis_to_right_wheel,10.292639445,10.27415367,0.0,0.0,0.0,0.0
1583762902643658461,844,1583762902641869413,,chassis_to_left_wheel,chassis_to_right_wheel,10.292639445,10.27415367,0.0,0.0,0.0,0.0
1583762902743085708,845,1583762902741850430,,chassis_to_left_wheel,chassis_to_right_wheel,10.292639445,10.27415367,0.0,0.0,0.0,0.0
1583762902843062465,846,1583762902841869705,,chassis_to_left_wheel,chassis_to_right_wheel,10.292639445,10.27415367,0.0,0.0,0.0,0.0
1583762902942759916,847,1583762902941880180,,chassis_to_left_wheel,chassis_to_right_wheel,10.292639445,10.27415367,0.0,0.0,0.0,0.0
1583762903043638644,848,1583762903041851914,,chassis_to_left_wheel,chassis_to_right_wheel,10.292639445,10.27415367,0.0,0.0,0.0,0.0
1583762903142973264,849,1583762903141876213,,chassis_to_left_wheel,chassis_to_right_wheel,10.292639445,10.27415367,0.0,0.0,0.0,0.0
1583762903243148338,850,1583762903241868376,,chassis_to_left_wheel,chassis_to_right_wheel,10.292639445,10.27415367,0.0,0.0,0.0,0.0
1583762903342592103,851,1583762903341885021,,chassis_to_left_wheel,chassis_to_right_wheel,10.292639445,10.27415367,0.0,0.0,0.0,0.0
1583762903442710861,852,1583762903441868602,,chassis_to_left_wheel,chassis_to_right_wheel,10.292639445,10.27415367,0.0,0.0,0.0,0.0
1583762903542848738,853,1583762903541878105,,chassis_to_left_wheel,chassis_to_right_wheel,10.292639445,10.27415367,0.0,0.0,0.0,0.0
1583762903643664351,854,1583762903641862453,,chassis_to_left_wheel,chassis_to_right_wheel,10.292639445,10.27415367,0.0,0.0,0.0,0.0
1583762903742739227,855,1583762903741827229,,chassis_to_left_wheel,chassis_to_right_wheel,10.292639445,10.27415367,0.0,0.0,0.0,0.0
1583762903842829677,856,1583762903841889591,,chassis_to_left_wheel,chassis_to_right_wheel,10.292639445,10.27415367,0.0,0.0,0.0,0.0
1583762903942444845,857,1583762903941854393,,chassis_to_left_wheel,chassis_to_right_wheel,10.292639445,10.27415367,0.0,0.0,0.0,0.0
1583762904043779140,858,1583762904041855545,,chassis_to_left_wheel,chassis_to_right_wheel,10.292639445,10.27415367,0.0,0.0,0.0,0.0
1583762904142771744,859,1583762904141882005,,chassis_to_left_wheel,chassis_to_right_wheel,10.292639445,10.27415367,0.0,0.0,0.0,0.0
1583762904243134851,860,1583762904241864004,,chassis_to_left_wheel,chassis_to_right_wheel,10.292639445,10.27415367,0.0,0.0,0.0,0.0
1583762904343137038,861,1583762904341895301,,chassis_to_left_wheel,chassis_to_right_wheel,10.292639445,10.27415367,0.0,0.0,0.0,0.0
1583762904443592376,862,1583762904441848404,,chassis_to_left_wheel,chassis_to_right_wheel,10.292639445,10.27415367,0.0,0.0,0.0,0.0
1583762904542896035,863,1583762904541848045,,chassis_to_left_wheel,chassis_to_right_wheel,10.292639445,10.27415367,0.0,0.0,0.0,0.0
1583762904642599263,864,1583762904641848872,,chassis_to_left_wheel,chassis_to_right_wheel,10.292639445,10.27415367,0.0,0.0,0.0,0.0
1583762904743249764,865,1583762904741891033,,chassis_to_left_wheel,chassis_to_right_wheel,10.292639445,10.27415367,0.0,0.0,0.0,0.0
1583762904843191269,866,1583762904841880344,,chassis_to_left_wheel,chassis_to_right_wheel,10.292639445,10.27415367,0.0,0.0,0.0,0.0
1583762904943120147,867,1583762904941876047,,chassis_to_left_wheel,chassis_to_right_wheel,10.292639445,10.27415367,0.0,0.0,0.0,0.0
1583762905042973174,868,1583762905041859583,,chassis_to_left_wheel,chassis_to_right_wheel,10.292639445,10.27415367,0.0,0.0,0.0,0.0
1583762905143213888,869,1583762905141904131,,chassis_to_left_wheel,chassis_to_right_wheel,10.292639445,10.27415367,0.0,0.0,0.0,0.0
1583762905243751435,870,1583762905241873866,,chassis_to_left_wheel,chassis_to_right_wheel,10.292639445,10.27415367,0.0,0.0,0.0,0.0
1583762905342647640,871,1583762905341851482,,chassis_to_left_wheel,chassis_to_right_wheel,10.292639445,10.27415367,0.0,0.0,0.0,0.0
1583762905442466821,872,1583762905441863271,,chassis_to_left_wheel,chassis_to_right_wheel,10.292639445,10.27415367,0.0,0.0,0.0,0.0
1583762905543163740,873,1583762905541879810,,chassis_to_left_wheel,chassis_to_right_wheel,10.292639445,10.27415367,0.0,0.0,0.0,0.0
1583762905643937640,874,1583762905641870768,,chassis_to_left_wheel,chassis_to_right_wheel,10.292639445,10.27415367,0.0,0.0,0.0,0.0
1583762905743041439,875,1583762905741873191,,chassis_to_left_wheel,chassis_to_right_wheel,10.292639445,10.27415367,0.0,0.0,0.0,0.0
1583762905842662939,876,1583762905841846783,,chassis_to_left_wheel,chassis_to_right_wheel,10.292639445,10.27415367,0.0,0.0,0.0,0.0
1583762905942483800,877,1583762905941881282,,chassis_to_left_wheel,chassis_to_right_wheel,10.292639445,10.27415367,0.0,0.0,0.0,0.0
1583762906042870805,878,1583762906041860424,,chassis_to_left_wheel,chassis_to_right_wheel,10.292639445,10.27415367,0.0,0.0,0.0,0.0
1583762906142684250,879,1583762906141854926,,chassis_to_left_wheel,chassis_to_right_wheel,10.292639445,10.27415367,0.0,0.0,0.0,0.0
1583762906243328578,880,1583762906241848745,,chassis_to_left_wheel,chassis_to_right_wheel,10.292639445,10.27415367,0.0,0.0,0.0,0.0
1583762906342883909,881,1583762906341876228,,chassis_to_left_wheel,chassis_to_right_wheel,10.292639445,10.27415367,0.0,0.0,0.0,0.0
1583762906442593769,882,1583762906441859095,,chassis_to_left_wheel,chassis_to_right_wheel,10.292639445,10.27415367,0.0,0.0,0.0,0.0
1583762906542958540,883,1583762906541849176,,chassis_to_left_wheel,chassis_to_right_wheel,10.292639445,10.27415367,0.0,0.0,0.0,0.0
1583762906643423574,884,1583762906641858097,,chassis_to_left_wheel,chassis_to_right_wheel,10.292639445,10.27415367,0.0,0.0,0.0,0.0
1583762906743245110,885,1583762906741881645,,chassis_to_left_wheel,chassis_to_right_wheel,10.292639445,10.27415367,0.0,0.0,0.0,0.0
1583762906842648488,886,1583762906841850481,,chassis_to_left_wheel,chassis_to_right_wheel,10.292639445,10.27415367,0.0,0.0,0.0,0.0
1583762906942455466,887,1583762906941848997,,chassis_to_left_wheel,chassis_to_right_wheel,10.292639445,10.27415367,0.0,0.0,0.0,0.0
1583762907042744459,888,1583762907041863346,,chassis_to_left_wheel,chassis_to_right_wheel,10.292639445,10.27415367,0.0,0.0,0.0,0.0
1583762907143109401,889,1583762907141863982,,chassis_to_left_wheel,chassis_to_right_wheel,10.292639445,10.27415367,0.0,0.0,0.0,0.0
1583762907243655780,890,1583762907241884639,,chassis_to_left_wheel,chassis_to_right_wheel,10.292639445,10.27415367,0.0,0.0,0.0,0.0
1583762907342565028,891,1583762907341900102,,chassis_to_left_wheel,chassis_to_right_wheel,10.292639445,10.27415367,0.0,0.0,0.0,0.0
1583762907443147677,892,1583762907441846058,,chassis_to_left_wheel,chassis_to_right_wheel,10.292639445,10.27415367,0.0,0.0,0.0,0.0
1583762907543064684,893,1583762907541866047,,chassis_to_left_wheel,chassis_to_right_wheel,10.292639445,10.27415367,0.0,0.0,0.0,0.0
1583762907643005787,894,1583762907641863307,,chassis_to_left_wheel,chassis_to_right_wheel,10.292639445,10.27415367,0.0,0.0,0.0,0.0
1583762907742971257,895,1583762907741886404,,chassis_to_left_wheel,chassis_to_right_wheel,10.292639445,10.27415367,0.0,0.0,0.0,0.0
1583762907843267158,896,1583762907841862819,,chassis_to_left_wheel,chassis_to_right_wheel,10.288106829,10.270485324,0.0,0.0,0.0,0.0
1583762907942968725,897,1583762907941881129,,chassis_to_left_wheel,chassis_to_right_wheel,10.2638803806,10.2475840896,0.0,0.0,0.0,0.0
1583762908042972036,898,1583762908041846943,,chassis_to_left_wheel,chassis_to_right_wheel,10.2108898742,10.1965449128,0.0,0.0,0.0,0.0
1583762908142970131,899,1583762908141858189,,chassis_to_left_wheel,chassis_to_right_wheel,10.1273509957,10.1158320051,0.0,0.0,0.0,0.0
1583762908244336397,900,1583762908241983881,,chassis_to_left_wheel,chassis_to_right_wheel,10.0115321013,10.0019309451,0.0,0.0,0.0,0.0
1583762908343519527,901,1583762908341895348,,chassis_to_left_wheel,chassis_to_right_wheel,9.86344155251,9.85613440702,0.0,0.0,0.0,0.0
1583762908442946118,902,1583762908441867365,,chassis_to_left_wheel,chassis_to_right_wheel,9.683178724,9.67767265881,0.0,0.0,0.0,0.0
1583762908543289181,903,1583762908541833428,,chassis_to_left_wheel,chassis_to_right_wheel,9.4699479046,9.46633383752,0.0,0.0,0.0,0.0
1583762908642855154,904,1583762908641854046,,chassis_to_left_wheel,chassis_to_right_wheel,9.22329636784,9.22237890601,0.0,0.0,0.0,0.0
1583762908743640325,905,1583762908741935774,,chassis_to_left_wheel,chassis_to_right_wheel,8.94485799014,8.9456049534,0.0,0.0,0.0,0.0
1583762908842956441,906,1583762908841859509,,chassis_to_left_wheel,chassis_to_right_wheel,8.63261668805,8.63598843336,0.0,0.0,0.0,0.0
1583762908943500399,907,1583762908941852802,,chassis_to_left_wheel,chassis_to_right_wheel,8.30104440122,8.30379513734,0.0,0.0,0.0,0.0
1583762909043695019,908,1583762909041870907,,chassis_to_left_wheel,chassis_to_right_wheel,7.96093306849,7.96323373794,0.0,0.0,0.0,0.0
1583762909142920057,909,1583762909141850992,,chassis_to_left_wheel,chassis_to_right_wheel,7.6173196904,7.62044864818,0.0,0.0,0.0,0.0
1583762909243836894,910,1583762909242208615,,chassis_to_left_wheel,chassis_to_right_wheel,7.27216144916,7.27560251627,0.0,0.0,0.0,0.0
1583762909343183188,911,1583762909341914913,,chassis_to_left_wheel,chassis_to_right_wheel,6.92669255866,6.93020085151,0.0,0.0,0.0,0.0
1583762909444001907,912,1583762909441896202,,chassis_to_left_wheel,chassis_to_right_wheel,6.58066727347,6.5842696776,0.0,0.0,0.0,0.0
1583762909543555832,913,1583762909541890070,,chassis_to_left_wheel,chassis_to_right_wheel,6.23507243439,6.23863565904,0.0,0.0,0.0,0.0
1583762909643446259,914,1583762909641865532,,chassis_to_left_wheel,chassis_to_right_wheel,5.88882391575,5.89237146862,0.0,0.0,0.0,0.0
1583762909743548611,915,1583762909741850679,,chassis_to_left_wheel,chassis_to_right_wheel,5.5429477233,5.54556711945,0.0,0.0,0.0,0.0
1583762909842952590,916,1583762909841851350,,chassis_to_left_wheel,chassis_to_right_wheel,5.19686515032,5.19911328378,0.0,0.0,0.0,0.0
1583762909943371774,917,1583762909941884169,,chassis_to_left_wheel,chassis_to_right_wheel,4.85156429513,4.85373114451,0.0,0.0,0.0,0.0
1583762910043269206,918,1583762910041869802,,chassis_to_left_wheel,chassis_to_right_wheel,4.50503004405,4.5072316008,0.0,0.0,0.0,0.0
1583762910142963860,919,1583762910141857167,,chassis_to_left_wheel,chassis_to_right_wheel,4.15956772362,4.16007382932,0.0,0.0,0.0,0.0
1583762910242953043,920,1583762910241858062,,chassis_to_left_wheel,chassis_to_right_wheel,3.81371792045,3.81441971873,0.0,0.0,0.0,0.0
1583762910342615805,921,1583762910341853320,,chassis_to_left_wheel,chassis_to_right_wheel,3.46708892918,3.46868525949,0.0,0.0,0.0,0.0
1583762910442347892,922,1583762910441861283,,chassis_to_left_wheel,chassis_to_right_wheel,3.12073404567,3.1219199488,0.0,0.0,0.0,0.0
1583762910543512705,923,1583762910541935535,,chassis_to_left_wheel,chassis_to_right_wheel,2.77449840827,2.77554894952,0.0,0.0,0.0,0.0
1583762910642759757,924,1583762910641853481,,chassis_to_left_wheel,chassis_to_right_wheel,2.42931878431,2.43281196081,0.0,0.0,0.0,0.0
1583762910743671029,925,1583762910742241592,,chassis_to_left_wheel,chassis_to_right_wheel,2.08357245672,2.08546908332,0.0,0.0,0.0,0.0
1583762910843110993,926,1583762910841853003,,chassis_to_left_wheel,chassis_to_right_wheel,1.73687922269,1.73905911733,0.0,0.0,0.0,0.0
1583762910942957982,927,1583762910941906748,,chassis_to_left_wheel,chassis_to_right_wheel,1.39710550608,1.39703636993,0.0,0.0,0.0,0.0
1583762911042680292,928,1583762911041858875,,chassis_to_left_wheel,chassis_to_right_wheel,1.08872613943,1.08623051397,0.0,0.0,0.0,0.0
1583762911142538839,929,1583762911141886016,,chassis_to_left_wheel,chassis_to_right_wheel,0.821694306772,0.815404803589,0.0,0.0,0.0,0.0
1583762911242505503,930,1583762911241857162,,chassis_to_left_wheel,chassis_to_right_wheel,0.600202547709,0.590446084436,0.0,0.0,0.0,0.0
1583762911343433892,931,1583762911341906230,,chassis_to_left_wheel,chassis_to_right_wheel,0.427157062084,0.413728300774,0.0,0.0,0.0,0.0
1583762911443142179,932,1583762911441860783,,chassis_to_left_wheel,chassis_to_right_wheel,0.302625587833,0.28581691031,0.0,0.0,0.0,0.0
1583762911543088059,933,1583762911541849800,,chassis_to_left_wheel,chassis_to_right_wheel,0.227144179133,0.206890081124,0.0,0.0,0.0,0.0
1583762911642841336,934,1583762911641854942,,chassis_to_left_wheel,chassis_to_right_wheel,0.193811434653,0.17139172245,0.0,0.0,0.0,0.0
1583762911743233336,935,1583762911741880930,,chassis_to_left_wheel,chassis_to_right_wheel,0.179306770861,0.15598240098,0.0,0.0,0.0,0.0
1583762911843612226,936,1583762911841880365,,chassis_to_left_wheel,chassis_to_right_wheel,0.172851901345,0.149136859392,0.0,0.0,0.0,0.0
1583762911942870780,937,1583762911941879490,,chassis_to_left_wheel,chassis_to_right_wheel,0.169933848538,0.146033728757,0.0,0.0,0.0,0.0
1583762912043185745,938,1583762912041871531,,chassis_to_left_wheel,chassis_to_right_wheel,0.168584170415,0.144619622503,0.0,0.0,0.0,0.0
1583762912142790341,939,1583762912141904546,,chassis_to_left_wheel,chassis_to_right_wheel,0.167957872166,0.143957950001,0.0,0.0,0.0,0.0
1583762912242664672,940,1583762912241863122,,chassis_to_left_wheel,chassis_to_right_wheel,0.167678543866,0.143664472,0.0,0.0,0.0,0.0
1583762912343116343,941,1583762912341885544,,chassis_to_left_wheel,chassis_to_right_wheel,0.167566812547,0.1435470808,0.0,0.0,0.0,0.0
1583762912443463598,942,1583762912441849970,,chassis_to_left_wheel,chassis_to_right_wheel,0.167522120019,0.14350012432,0.0,0.0,0.0,0.0
1583762912543600438,943,1583762912541853175,,chassis_to_left_wheel,chassis_to_right_wheel,0.167504243007,0.143481341728,0.0,0.0,0.0,0.0
1583762912643226122,944,1583762912641873850,,chassis_to_left_wheel,chassis_to_right_wheel,0.167497092203,0.143473828691,0.0,0.0,0.0,0.0
1583762912742896519,945,1583762912741878178,,chassis_to_left_wheel,chassis_to_right_wheel,0.167494231881,0.143470823476,0.0,0.0,0.0,0.0
1583762912842546603,946,1583762912841831991,,chassis_to_left_wheel,chassis_to_right_wheel,0.167493087752,0.143469621391,0.0,0.0,0.0,0.0
1583762912942999374,947,1583762912941882053,,chassis_to_left_wheel,chassis_to_right_wheel,0.167492630101,0.143469140556,0.0,0.0,0.0,0.0
1583762913043217738,948,1583762913041857194,,chassis_to_left_wheel,chassis_to_right_wheel,0.16749244704,0.143468948223,0.0,0.0,0.0,0.0
1583762913143394956,949,1583762913141879702,,chassis_to_left_wheel,chassis_to_right_wheel,0.167492373816,0.143468871289,0.0,0.0,0.0,0.0
1583762913242802465,950,1583762913241846808,,chassis_to_left_wheel,chassis_to_right_wheel,0.167492344526,0.143468840516,0.0,0.0,0.0,0.0
1583762913343310995,951,1583762913341885750,,chassis_to_left_wheel,chassis_to_right_wheel,0.167492332811,0.143468828206,0.0,0.0,0.0,0.0
1583762913442846909,952,1583762913441864646,,chassis_to_left_wheel,chassis_to_right_wheel,0.167492328124,0.143468823283,0.0,0.0,0.0,0.0
1583762913542884014,953,1583762913541886961,,chassis_to_left_wheel,chassis_to_right_wheel,0.16749232625,0.143468821313,0.0,0.0,0.0,0.0
1583762913643066093,954,1583762913641847431,,chassis_to_left_wheel,chassis_to_right_wheel,0.1674923255,0.143468820525,0.0,0.0,0.0,0.0
1583762913742998984,955,1583762913741856355,,chassis_to_left_wheel,chassis_to_right_wheel,0.1674923252,0.14346882021,0.0,0.0,0.0,0.0
1583762913843389205,956,1583762913841874580,,chassis_to_left_wheel,chassis_to_right_wheel,0.16749232508,0.143468820084,0.0,0.0,0.0,0.0
1583762913942812218,957,1583762913941855387,,chassis_to_left_wheel,chassis_to_right_wheel,0.167492325032,0.143468820034,0.0,0.0,0.0,0.0
1583762914042896481,958,1583762914041856517,,chassis_to_left_wheel,chassis_to_right_wheel,0.167492325013,0.143468820013,0.0,0.0,0.0,0.0
1583762914143716910,959,1583762914141880783,,chassis_to_left_wheel,chassis_to_right_wheel,0.167492325005,0.143468820005,0.0,0.0,0.0,0.0
1583762914243518306,960,1583762914241867757,,chassis_to_left_wheel,chassis_to_right_wheel,0.167492325002,0.143468820002,0.0,0.0,0.0,0.0
1583762914343308179,961,1583762914341861896,,chassis_to_left_wheel,chassis_to_right_wheel,0.167492325001,0.143468820001,0.0,0.0,0.0,0.0
1583762914443529004,962,1583762914441895244,,chassis_to_left_wheel,chassis_to_right_wheel,0.167492325,0.14346882,0.0,0.0,0.0,0.0
1583762914543378719,963,1583762914541859694,,chassis_to_left_wheel,chassis_to_right_wheel,0.167492325,0.14346882,0.0,0.0,0.0,0.0
1583762914642224638,964,1583762914641810592,,chassis_to_left_wheel,chassis_to_right_wheel,0.167492325,0.14346882,0.0,0.0,0.0,0.0
1583762914743395045,965,1583762914741930066,,chassis_to_left_wheel,chassis_to_right_wheel,0.167492325,0.14346882,0.0,0.0,0.0,0.0
1583762914842330012,966,1583762914841858359,,chassis_to_left_wheel,chassis_to_right_wheel,0.167492325,0.14346882,0.0,0.0,0.0,0.0
1583762914943871030,967,1583762914941887028,,chassis_to_left_wheel,chassis_to_right_wheel,0.167492325,0.14346882,0.0,0.0,0.0,0.0
1583762915042677108,968,1583762915041859690,,chassis_to_left_wheel,chassis_to_right_wheel,0.167492325,0.14346882,0.0,0.0,0.0,0.0
1583762915143649303,969,1583762915141884790,,chassis_to_left_wheel,chassis_to_right_wheel,0.167492325,0.14346882,0.0,0.0,0.0,0.0
1583762915243488339,970,1583762915241870385,,chassis_to_left_wheel,chassis_to_right_wheel,0.167492325,0.14346882,0.0,0.0,0.0,0.0
1583762915343474524,971,1583762915341885682,,chassis_to_left_wheel,chassis_to_right_wheel,0.167492325,0.14346882,0.0,0.0,0.0,0.0
1583762915442700095,972,1583762915441858597,,chassis_to_left_wheel,chassis_to_right_wheel,0.167492325,0.14346882,0.0,0.0,0.0,0.0
1583762915542621051,973,1583762915541850659,,chassis_to_left_wheel,chassis_to_right_wheel,0.167492325,0.14346882,0.0,0.0,0.0,0.0
1583762915642931104,974,1583762915641859979,,chassis_to_left_wheel,chassis_to_right_wheel,0.167492325,0.14346882,0.0,0.0,0.0,0.0
1583762915743025840,975,1583762915741876784,,chassis_to_left_wheel,chassis_to_right_wheel,0.167492325,0.14346882,0.0,0.0,0.0,0.0
1583762915843488971,976,1583762915841864835,,chassis_to_left_wheel,chassis_to_right_wheel,0.167492325,0.14346882,0.0,0.0,0.0,0.0
1583762915942848061,977,1583762915941873861,,chassis_to_left_wheel,chassis_to_right_wheel,0.167492325,0.14346882,0.0,0.0,0.0,0.0
1583762916043185770,978,1583762916041867399,,chassis_to_left_wheel,chassis_to_right_wheel,0.167492325,0.14346882,0.0,0.0,0.0,0.0
1583762916142870373,979,1583762916141867162,,chassis_to_left_wheel,chassis_to_right_wheel,0.167492325,0.14346882,0.0,0.0,0.0,0.0
1583762916243038017,980,1583762916241867273,,chassis_to_left_wheel,chassis_to_right_wheel,0.167492325,0.14346882,0.0,0.0,0.0,0.0
